,Player,Age,Nation,Club,Position,Min,npG,npxG,Shots,Assists,xAG,npxG + xAG,SCA,Pass Attempts,Pass %,Prog Passes,Prog Carries,Take-Ons,Touches (Att Pen),Prog Passes Rec,Tackles,Inter,Blocks,Clears,Aerials,OVR
0,Tosin Adarabioyo,26,ENG,Fulham,Center Back,1457,20,39,91,28,58,44,62,66,36,80,71,73,70,31,40,35,21,99,84,55.1578947368421
1,Simon Adingra,21,CIV,Brighton,Att Mid / Winger,488,44,55,82,99,73,69,12,40,35,8,72,87,88,53,92,96,24,43,60,59.578947368421055
2,Nayef Aguerd,27,MAR,West Ham,Center Back,1931,95,97,80,28,57,93,51,18,16,4,6,49,84,48,53,55,81,81,39,54.473684210526315
3,Naouirou Ahamada,21,FRA,Crystal Palace,Midfielder,956,66,61,80,86,65,62,60,22,64,31,88,74,68,91,7,5,22,10,22,51.78947368421053
4,Anel Ahmedhodzic,24,BIH,Sheffield Utd,Center Back,450,20,92,97,28,3,77,56,2,1,1,38,80,48,89,87,69,99,78,44,53.10526315789474
5,Ola Aina,26,NGA,Nott'ham Forest,Fullback,876,81,80,76,59,82,87,57,25,19,47,78,95,27,27,60,47,26,93,71,59.8421052631579
6,Rayan Aït Nouri,22,ALG,Wolves,Fullback,976,79,80,62,9,4,32,34,24,68,59,60,97,74,62,92,52,8,76,83,55.526315789473685
7,Kristoffer Ajer,25,NOR,Brentford,Center Back,768,20,35,28,98,99,95,58,14,7,73,92,33,97,97,34,14,17,21,44,51.36842105263158
8,Manuel Akanji,28,SUI,Manchester City,Center Back,3355,40,71,65,59,50,60,91,96,97,82,83,49,83,88,65,11,46,1,2,59.94736842105263
9,Nathan Aké,28,NED,Manchester City,Fullback,2529,74,78,40,9,8,35,16,99,98,96,20,5,55,3,25,54,2,59,93,45.73684210526316
10,Trent Alexander-Arnold,24,ENG,Liverpool,Fullback,3212,66,75,86,95,98,97,94,98,42,93,24,76,48,32,42,78,18,22,26,63.68421052631579
11,Miguel Almirón,29,PAR,Newcastle Utd,Att Mid / Winger,2269,89,78,76,12,15,52,19,46,94,64,48,22,72,70,67,58,45,71,20,53.578947368421055
12,Edson Álvarez,25,MEX,West Ham,Midfielder,783,14,57,63,11,5,26,1,71,68,12,16,31,74,21,73,75,78,99,98,47.0
13,Julián Álvarez,23,ARG,Manchester City,Forward,2254,77,71,72,81,73,68,92,93,87,77,89,73,63,56,92,62,61,9,4,68.42105263157895
14,Joachim Andersen,27,DEN,Crystal Palace,Center Back,2692,50,65,85,28,90,83,86,78,16,80,66,60,89,50,38,7,7,93,85,60.8421052631579
15,Elliot Anderson,20,SCO,Newcastle Utd,Midfielder,552,14,75,79,80,93,87,87,29,16,52,99,97,99,98,66,71,94,21,88,70.78947368421052
16,Jaidon Anthony,23,ENG,Bournemouth,Midfielder,1252,80,82,80,43,43,66,58,19,10,24,82,75,90,95,56,29,99,79,47,60.89473684210526
17,Michail Antonio,33,JAM,West Ham,Forward,1780,41,41,13,43,10,22,29,17,4,25,91,89,13,50,57,63,53,22,60,39.10526315789474
18,Antony,23,BRA,Manchester Utd,Att Mid / Winger,2526,42,85,98,9,43,69,61,62,77,55,86,48,61,77,48,77,48,39,29,58.63157894736842
19,Serge Aurier,30,CIV,Nott'ham Forest,Fullback,2284,53,40,27,48,24,22,8,17,14,40,32,50,16,16,91,75,80,97,99,44.68421052631579
20,Taiwo Awoniyi,26,NGA,Nott'ham Forest,Forward,1437,93,63,31,80,36,55,14,5,14,8,27,22,8,1,79,61,93,77,45,42.73684210526316
21,Jordan Ayew,32,GHA,Crystal Palace,Att Mid / Winger,2699,25,12,10,45,19,7,10,19,60,8,39,67,42,26,89,63,61,86,94,41.1578947368421
22,Leon Bailey,26,JAM,Aston Villa,Att Mid / Winger,1728,66,82,70,60,75,79,24,5,3,2,82,66,62,57,6,39,17,73,84,50.10526315789474
23,Ross Barkley,29,ENG,Luton Town,Midfielder,1059,99,99,99,82,92,99,93,37,28,40,86,73,84,80,7,28,5,15,32,62.0
24,Harvey Barnes,25,ENG,Newcastle Utd,Att Mid / Winger,2498,94,87,67,10,26,63,3,6,22,17,64,16,68,57,23,19,51,41,87,43.21052631578947
25,Calvin Bassey,23,NGA,Fulham,Center Back,647,20,1,5,99,35,3,45,86,50,45,6,89,35,93,73,28,34,63,28,44.10526315789474
26,Jean-Ricner Bellegarde,25,FRA,Wolves,Midfielder,2097,86,78,85,98,98,95,88,34,19,63,99,98,77,84,28,44,41,23,38,67.15789473684211
27,Saïd Benrahma,28,ALG,West Ham,Att Mid / Winger,2107,12,31,87,61,58,39,61,42,45,57,90,77,66,87,38,58,52,63,16,54.73684210526316
28,Beto,25,GNB,Everton,Forward,2060,21,46,41,14,54,48,60,2,31,2,32,90,60,26,56,78,72,88,64,46.578947368421055
29,Philip Billing,27,DEN,Bournemouth,Midfielder,2729,84,91,79,24,65,84,34,15,22,9,46,57,91,74,55,46,94,93,85,60.421052631578945
30,Yves Bissouma,27,MLI,Tottenham,Midfielder,1388,14,33,43,11,20,23,55,86,97,76,81,88,39,17,58,74,71,71,35,52.21052631578947
31,Willy Boly,32,CIV,Nott'ham Forest,Center Back,961,90,88,71,94,86,86,16,3,3,3,10,49,93,22,83,86,95,98,68,60.21052631578947
32,Sven Botman,23,NED,Newcastle Utd,Center Back,3212,20,77,70,59,76,80,46,45,66,19,12,7,85,37,28,23,62,45,50,47.73684210526316
33,Jarrod Bowen,26,ENG,West Ham,Att Mid / Winger,3060,55,71,52,47,65,66,26,3,5,5,44,23,63,22,30,94,65,81,90,47.73684210526316
34,Jarrad Branthwaite,21,ENG,Everton,Center Back,529,20,33,52,28,3,13,22,29,42,35,1,45,34,2,40,66,47,51,71,33.36842105263158
35,Hugo Bueno,21,ESP,Wolves,Fullback,1448,19,31,32,43,48,36,66,33,70,11,92,62,39,61,68,19,33,63,35,45.31578947368421
36,Dan Burn,31,ENG,Newcastle Utd,Fullback,3126,40,66,37,9,10,30,5,45,64,32,5,12,73,2,42,36,80,93,99,41.05263157894737
37,Moisés Caicedo,21,ECU,Chelsea,Midfielder,2808,14,27,33,23,46,35,63,89,95,79,42,66,31,38,89,81,63,38,68,53.68421052631579
38,Tom Cairney,32,SCO,Fulham,Midfielder,1004,87,79,89,11,61,71,91,87,66,92,91,50,93,91,7,6,55,3,48,62.0
39,Dominic Calvert-Lewin,26,ENG,Everton,Forward,1227,4,58,37,32,11,45,16,15,10,16,49,76,43,11,11,66,15,89,91,36.578947368421055
40,Casemiro,31,BRA,Manchester Utd,Midfielder,3435,88,91,86,58,69,85,71,80,27,82,26,15,61,43,97,69,99,99,96,70.63157894736842
41,Matty Cash,26,POL,Aston Villa,Fullback,1791,81,95,64,36,5,60,15,35,64,35,46,58,33,11,89,39,59,55,28,47.78947368421053
42,Timothy Castagne,27,BEL,Fulham,Fullback,2867,43,58,40,43,39,47,14,38,67,25,7,11,57,28,86,76,85,92,80,49.26315789473684
43,Julio César Enciso,19,PAR,Brighton,Att Mid / Winger,875,92,95,99,98,76,97,90,15,23,37,82,99,84,56,53,47,45,14,69,66.89473684210526
44,Ben Chilwell,26,ENG,Chelsea,Fullback,2078,58,84,85,51,94,93,88,78,54,18,76,54,90,90,18,45,49,11,81,64.05263157894737
45,Ryan Christie,28,SCO,Bournemouth,Att Mid / Winger,1802,4,15,20,5,31,13,36,34,80,50,12,51,31,2,63,99,46,95,82,40.473684210526315
46,Carney Chukwuemeka,19,ENG,Chelsea,Att Mid / Winger,479,46,4,4,2,31,5,54,85,99,82,82,32,82,20,98,97,78,8,12,48.473684210526315
47,Nathan Collins,22,IRL,Brentford,Center Back,1612,20,14,18,82,66,30,32,54,62,18,38,76,77,76,54,20,93,76,52,50.421052631578945
48,Levi Colwill,20,ENG,Chelsea,Center Back,1646,20,98,84,97,82,98,97,97,66,81,86,57,81,84,5,24,3,9,85,66.0
49,Lewis Cook,26,ENG,Bournemouth,Midfielder,1472,14,10,12,38,81,53,48,27,30,29,7,20,28,9,34,79,45,84,23,35.31578947368421
50,Vladimír Coufal,31,CZE,West Ham,Fullback,1990,19,6,7,53,67,46,54,25,3,26,57,3,24,49,87,86,42,98,93,44.473684210526315
51,Philippe Coutinho,31,BRA,Aston Villa,Att Mid / Winger,464,46,51,84,2,2,11,20,70,32,92,53,80,31,53,99,43,80,11,1,45.31578947368421
52,Matheus Cunha,24,BRA,Wolves,Forward,1765,7,24,55,44,46,24,68,49,79,44,78,97,39,16,79,99,94,52,13,53.0
53,Diogo Dalot,24,POR,Manchester Utd,Fullback,2510,75,83,63,24,42,61,65,76,81,70,47,71,60,36,79,91,30,57,81,62.73684210526316
54,Mikkel Damsgaard,23,DEN,Brentford,Midfielder,970,14,95,60,11,60,86,28,17,2,33,27,43,85,80,85,33,98,66,50,51.21052631578947
55,Danilo,22,BRA,Nott'ham Forest,Midfielder,1259,93,77,71,73,32,56,29,1,2,8,42,78,66,54,22,56,98,80,34,51.1578947368421
56,Arnaut Danjuma,26,NED,Everton,Forward,968,36,59,72,4,10,46,42,40,68,6,93,52,32,74,43,60,2,4,2,39.21052631578947
57,Josh Dasilva,24,ENG,Brentford,Midfielder,1027,87,75,68,83,70,71,59,22,27,27,99,98,78,91,6,4,83,11,3,55.89473684210526
58,Ben Davies,30,WAL,Tottenham,Center Back,2157,88,66,74,75,99,96,94,40,24,75,93,76,82,99,23,14,5,10,73,63.473684210526315
59,Craig Dawson,33,ENG,Wolves,Center Back,2564,53,72,86,28,19,52,40,44,39,34,8,39,91,37,13,10,90,63,56,46.0
60,Kevin De Bruyne,32,BEL,Manchester City,Midfielder,2450,98,87,95,99,99,99,99,70,8,94,97,79,98,99,4,3,9,10,14,66.36842105263158
61,Leander Dendoncker,28,BEL,Aston Villa,Midfielder,674,14,4,3,11,39,13,4,22,88,4,1,23,42,1,78,65,99,81,71,34.89473684210526
62,Moussa Diaby,24,FRA,Aston Villa,Att Mid / Winger,3372,90,93,84,88,74,90,29,32,47,45,74,55,67,53,1,6,2,3,1,49.1578947368421
63,Rúben Dias,26,POR,Manchester City,Center Back,2816,20,82,82,28,39,74,62,99,98,78,75,51,71,62,59,10,27,5,27,55.21052631578947
64,Luis Díaz,26,COL,Liverpool,Att Mid / Winger,951,87,82,79,55,38,64,79,73,90,53,73,87,92,79,57,58,46,10,82,67.57894736842105
65,Lucas Digne,30,FRA,Aston Villa,Fullback,1312,72,23,36,73,82,69,71,57,30,34,18,8,64,90,28,78,36,79,79,54.05263157894737
66,Issa Diop,26,FRA,Fulham,Center Back,2360,56,9,9,28,38,11,12,77,75,59,56,24,10,40,31,74,40,64,13,38.21052631578947
67,Axel Disasi,25,FRA,Chelsea,Center Back,3630,96,91,91,58,47,84,55,69,48,95,96,88,90,85,2,74,47,11,75,68.52631578947368
68,Matt Doherty,31,IRL,Wolves,Fullback,782,83,90,97,9,14,58,69,49,70,17,45,51,98,88,41,67,95,46,99,62.421052631578945
69,Jeremy Doku,21,BEL,Manchester City,Midfielder,1701,99,87,93,79,99,99,99,19,50,37,99,99,99,99,26,1,8,1,1,62.8421052631579
70,Gabriel Dos Santos,25,BRA,Arsenal,Center Back,3502,65,96,81,28,5,85,36,80,78,72,37,24,88,76,32,19,64,23,89,56.73684210526316
71,Abdoulaye Doucouré,30,MLI,Everton,Midfielder,1837,98,93,70,54,83,93,63,7,25,3,70,77,95,87,40,25,85,7,38,58.578947368421055
72,Cheick Doucouré,23,MLI,Crystal Palace,Midfielder,2706,14,29,58,40,28,23,40,27,57,44,17,45,23,7,80,97,81,76,61,44.578947368421055
73,Lewis Dunk,31,ENG,Brighton,Center Back,3149,41,59,82,28,62,57,83,99,91,91,73,40,80,50,12,26,14,3,44,54.473684210526315
74,Odsonne Édouard,25,FRA,Crystal Palace,Forward,1946,66,29,39,15,6,13,48,27,52,43,61,51,65,35,94,67,79,77,55,48.526315789473685
75,Harvey Elliott,20,ENG,Liverpool,Midfielder,1658,70,80,97,60,81,80,86,65,35,87,93,55,96,98,23,42,94,25,14,67.42105263157895
76,Emerson,24,BRA,Tottenham,Fullback,1664,93,79,72,9,7,43,28,80,71,76,80,49,85,77,86,46,9,99,82,61.63157894736842
77,Wataru Endo,30,JPN,Liverpool,Midfielder,2457,81,78,76,75,84,82,63,43,41,64,28,59,72,53,53,29,72,89,91,64.89473684210526
78,Christian Eriksen,31,DEN,Manchester Utd,Midfielder,2301,59,91,79,99,91,94,90,90,52,93,62,26,60,71,7,12,32,21,7,59.78947368421053
79,Pervis Estupiñán,25,ECU,Brighton,Fullback,2955,69,71,81,90,92,88,86,86,75,88,85,44,89,80,50,74,38,8,75,72.05263157894737
80,Eberechi Eze,25,ENG,Crystal Palace,Att Mid / Winger,2608,81,75,86,7,29,58,74,65,75,77,22,86,35,13,68,54,19,28,74,54.0
81,Ansu Fati,20,ESP,Brighton,Att Mid / Winger,1613,69,98,99,20,3,83,34,58,96,50,44,27,98,92,20,18,73,24,60,56.10526315789474
82,Evan Ferguson,18,IRL,Brighton,Forward,1163,96,90,96,64,7,82,31,44,96,32,39,53,16,32,31,47,93,27,19,52.36842105263158
83,Bruno Fernandes,29,POR,Manchester Utd,Att Mid / Winger,4045,26,58,77,84,99,98,99,96,39,99,16,15,55,27,86,75,58,95,48,65.78947368421052
84,Enzo Fernández,22,ARG,Chelsea,Midfielder,2576,14,47,79,58,75,64,84,97,83,98,54,55,38,38,70,33,96,24,25,59.578947368421055
85,Phil Foden,23,ENG,Manchester City,Att Mid / Winger,2019,90,86,79,91,84,89,91,93,89,80,65,80,94,95,10,29,48,61,77,75.3157894736842
86,Pablo Fornals,27,ESP,West Ham,Att Mid / Winger,1153,34,33,42,11,21,15,53,82,36,88,17,5,31,26,81,76,45,47,48,41.63157894736842
87,Cody Gakpo,24,NED,Liverpool,Forward,2153,67,52,39,82,71,57,80,68,75,92,89,86,32,64,99,89,89,13,33,67.21052631578948
88,Conor Gallagher,23,ENG,Chelsea,Midfielder,2161,74,90,84,28,72,85,65,54,63,70,81,77,93,96,73,79,92,52,56,72.84210526315789
89,Idrissa Gana Gueye,33,SEN,Everton,Midfielder,2862,14,16,20,23,14,13,28,34,58,18,38,48,12,18,97,95,90,51,42,38.36842105263158
90,Alejandro Garnacho,19,ARG,Manchester Utd,Att Mid / Winger,917,88,95,99,57,11,79,43,19,74,4,94,63,99,96,11,94,48,70,40,62.31578947368421
91,James Garner,22,ENG,Everton,Midfielder,1151,14,45,45,46,46,46,49,19,8,14,37,60,42,62,41,57,38,54,65,41.473684210526315
92,Morgan Gibbs-White,23,ENG,Nott'ham Forest,Att Mid / Winger,3064,13,23,33,69,77,55,52,26,3,52,14,50,14,3,19,62,21,58,96,38.94736842105263
93,Billy Gilmour,22,SCO,Brighton,Midfielder,847,14,61,57,89,58,55,74,94,96,83,39,6,19,23,6,17,23,30,34,46.21052631578947
94,Ben Godfrey,25,ENG,Everton,Fullback,786,19,96,57,64,3,58,1,1,3,5,9,15,27,1,62,45,82,99,90,38.78947368421053
95,João Gomes,22,BRA,Wolves,Midfielder,1055,63,21,30,11,11,16,50,35,34,8,33,73,42,22,99,17,66,71,45,39.31578947368421
96,Toti Gomes,24,POR,Wolves,Fullback,1010,79,42,32,9,4,10,1,47,81,9,1,58,50,10,13,56,86,99,85,40.63157894736842
97,Joe Gomez,26,ENG,Liverpool,Center Back,1615,20,9,33,82,55,18,93,94,52,91,91,17,13,89,49,68,18,35,62,52.05263157894737
98,Sergio Gómez,23,ESP,Manchester City,Fullback,597,19,79,99,99,98,97,96,98,98,93,85,55,93,89,31,3,8,3,67,68.94736842105263
99,Anthony Gordon,22,ENG,Newcastle Utd,Att Mid / Winger,1413,46,79,18,7,16,56,2,18,65,5,47,33,42,29,98,42,85,79,37,42.31578947368421
100,Ryan Gravenberch,21,NED,Liverpool,Midfielder,793,14,79,74,62,94,88,96,66,63,82,82,89,78,91,72,74,54,55,61,72.3157894736842
101,Jack Grealish,28,ENG,Manchester City,Att Mid / Winger,2839,22,36,29,86,89,65,84,81,97,61,97,71,89,96,35,26,41,59,48,63.78947368421053
102,Pascal Groß,32,GER,Brighton,Midfielder,3227,94,79,64,81,99,97,92,93,55,89,73,40,91,95,25,5,22,15,9,64.10526315789474
103,Marc Guéhi,23,ENG,Crystal Palace,Center Back,3148,41,46,29,28,23,27,53,69,54,44,53,84,34,20,49,52,39,40,18,42.26315789473684
104,Bruno Guimarães,25,BRA,Newcastle Utd,Midfielder,2920,74,68,49,77,67,68,80,65,57,84,53,84,70,36,66,49,17,22,41,59.31578947368421
105,Malo Gusto,20,FRA,Chelsea,Fullback,1268,19,27,23,73,76,62,71,97,72,41,95,78,76,92,81,73,70,27,12,61.31578947368421
106,Joško Gvardiol,21,CRO,Manchester City,Center Back,2652,91,83,42,28,87,87,83,99,84,72,88,89,53,61,29,56,27,28,27,63.89473684210526
107,Erling Haaland,23,NOR,Manchester City,Forward,3409,98,99,96,94,79,99,43,7,62,49,36,20,93,17,1,40,24,30,49,54.526315789473685
108,Kai Havertz,24,GER,Arsenal,Forward,3018,9,53,51,9,90,62,62,93,97,93,83,33,77,79,88,84,83,83,69,68.3157894736842
109,Jan Paul van Hecke,23,NED,Brighton,Center Back,652,20,95,79,28,91,97,76,97,99,98,79,3,23,2,73,67,98,32,89,65.57894736842105
110,Hwang Hee-chan,27,KOR,Wolves,Att Mid / Winger,1141,95,71,23,2,3,32,6,3,75,11,10,23,38,12,68,58,79,28,60,36.68421052631579
111,Rico Henry,26,ENG,Brentford,Fullback,3009,19,48,41,41,52,45,27,2,31,27,36,61,27,23,34,48,17,67,67,37.526315789473685
112,Son Heung-min,31,KOR,Tottenham,Att Mid / Winger,3234,80,84,68,30,61,75,52,16,52,23,36,26,39,34,16,39,8,16,17,40.63157894736842
113,Aaron Hickey,21,SCO,Brentford,Fullback,1749,19,23,45,37,4,2,4,10,90,48,23,56,40,4,30,15,7,23,29,26.789473684210527
114,Callum Hudson-Odoi,22,ENG,Nott'ham Forest,Att Mid / Winger,777,54,15,15,2,61,33,81,53,91,85,84,85,27,65,22,56,1,56,1,46.68421052631579
115,Will Hughes,28,ENG,Crystal Palace,Midfielder,883,68,12,11,56,60,35,23,25,37,10,49,34,45,57,95,94,99,61,24,47.10526315789474
116,Pierre Højbjerg,28,DEN,Tottenham,Midfielder,3015,64,39,46,76,38,35,59,86,87,81,49,63,49,52,23,81,46,88,51,58.578947368421055
117,Rasmus Højlund,20,DEN,Manchester Utd,Forward,1797,68,78,65,17,42,69,70,37,68,48,74,81,91,99,3,11,12,11,34,51.473684210526315
118,Danny Ings,31,ENG,West Ham,Forward,1449,43,54,21,54,64,56,17,21,36,39,45,43,44,30,91,76,91,81,28,49.1578947368421
119,Alexander Isak,24,SWE,Newcastle Utd,Forward,1645,75,55,60,22,41,52,75,46,82,84,89,94,72,74,63,51,86,25,24,61.578947368421055
120,Alex Iwobi,27,NGA,Everton,Att Mid / Winger,2917,6,2,7,36,33,6,46,61,38,83,38,45,3,3,77,74,59,55,27,36.78947368421053
122,Nicolas Jackson,22,SEN,Chelsea,Forward,1631,91,87,63,68,75,87,79,36,87,66,94,92,78,76,71,30,82,5,15,67.47368421052632
123,Reece James,23,ENG,Chelsea,Fullback,1380,71,60,77,44,88,84,94,94,85,93,87,95,77,94,53,45,49,33,79,73.78947368421052
124,Vitaly Janelt,25,GER,Brentford,Midfielder,2229,61,49,19,11,22,33,29,21,26,21,6,1,56,40,42,47,67,60,71,35.89473684210526
125,Mathias Jensen,27,DEN,Brentford,Midfielder,2673,85,46,25,71,85,70,82,51,5,51,13,58,43,64,63,59,92,37,4,52.8421052631579
126,Gabriel Jesus,26,BRA,Arsenal,Forward,1804,62,93,88,81,89,93,92,88,94,79,85,94,99,93,99,93,99,39,42,84.3157894736842
127,Raúl Jiménez,32,MEX,Fulham,Forward,1007,1,5,10,38,87,22,18,62,43,16,5,24,16,18,92,2,73,77,71,35.78947368421053
128,Joelinton,27,BRA,Newcastle Utd,Midfielder,2315,95,97,87,11,49,86,60,31,50,25,80,90,96,89,69,86,88,58,92,70.47368421052632
129,Brennan Johnson,22,WAL,Tottenham,Att Mid / Winger,2592,51,49,23,18,10,27,1,1,2,1,40,20,39,13,44,3,50,20,63,25.0
131,Curtis Jones,22,ENG,Liverpool,Midfielder,1314,92,64,68,42,49,55,68,72,96,62,83,66,96,97,82,6,38,30,11,61.94736842105263
132,Jorginho,31,ITA,Arsenal,Midfielder,2227,14,7,11,28,3,2,35,92,87,88,43,33,30,16,73,82,50,34,49,40.89473684210526
133,Diogo Jota,26,POR,Liverpool,Att Mid / Winger,1543,93,95,74,97,45,89,15,21,50,16,44,26,89,65,73,18,6,82,95,57.526315789473685
134,Hamed Junior Traorè,23,CIV,Bournemouth,Att Mid / Winger,1056,1,37,11,78,75,60,72,55,21,76,44,66,31,14,98,34,72,4,64,48.05263157894737
135,Mathias Jørgensen,33,DEN,Brentford,Center Back,929,20,66,33,28,88,75,53,8,14,25,3,3,45,49,39,50,87,38,7,38.473684210526315
136,Issa Kaboré,22,BFA,Luton Town,Fullback,1295,73,71,65,9,63,65,84,20,51,66,91,94,94,98,78,50,10,24,6,58.526315789473685
137,Boubacar Kamara,23,FRA,Aston Villa,Midfielder,1628,14,3,4,35,35,15,9,42,75,32,27,72,16,2,76,49,69,46,41,34.8421052631579
138,Michael Keane,30,ENG,Everton,Center Back,1143,86,95,98,99,91,97,63,16,3,41,24,74,99,66,5,64,17,75,99,63.78947368421053
139,Thilo Kehrer,27,GER,West Ham,Fullback,1891,19,41,35,55,4,10,4,24,83,13,7,24,37,9,51,82,19,84,86,36.1578947368421
140,Lloyd Kelly,24,ENG,Bournemouth,Center Back,1785,20,5,5,28,52,10,38,46,25,37,70,14,12,83,54,36,43,62,23,34.89473684210526
141,Max Kilman,26,ENG,Wolves,Center Back,3127,20,39,36,28,45,36,44,59,34,51,58,86,38,39,16,5,95,67,48,44.421052631578945
142,Jakub Kiwior,23,POL,Arsenal,Center Back,1402,78,74,52,28,18,52,59,29,40,28,51,64,68,92,38,71,77,18,9,49.78947368421053
143,Justin Kluivert,24,NED,Bournemouth,Att Mid / Winger,1617,69,89,70,2,25,64,44,3,22,8,58,60,55,50,38,67,2,24,53,42.26315789473684
144,Ibrahima Konaté,24,FRA,Liverpool,Center Back,2079,20,64,60,28,45,55,63,75,62,34,37,89,82,54,91,60,8,46,78,55.31578947368421
145,Ezri Konsa,25,ENG,Aston Villa,Center Back,3231,20,23,10,28,76,46,13,49,88,6,11,52,28,71,32,8,49,27,12,34.1578947368421
146,Cheikhou Kouyaté,33,SEN,Nott'ham Forest,Midfielder,747,14,15,27,11,58,34,9,1,2,1,22,50,66,41,98,57,49,99,93,39.31578947368421
147,Mateo Kovačić,29,CRO,Manchester City,Midfielder,2384,58,56,56,45,71,65,80,91,81,88,79,71,23,48,25,32,8,22,11,53.1578947368421
148,Dejan Kulusevski,23,SWE,Tottenham,Att Mid / Winger,2161,21,8,45,44,49,19,67,38,58,27,72,73,81,72,82,86,39,34,10,48.68421052631579
149,Adam Lallana,35,ENG,Brighton,Att Mid / Winger,635,70,3,2,31,16,2,11,74,96,60,1,3,75,18,50,8,9,1,87,32.473684210526315
150,Tariq Lamptey,22,GHA,Brighton,Fullback,498,19,43,82,99,60,50,79,82,76,78,99,54,96,99,50,95,42,1,2,63.473684210526315
151,Aymeric Laporte,29,ESP,Manchester City,Center Back,1297,20,35,84,28,53,37,96,98,97,99,99,38,64,89,4,1,7,8,66,53.8421052631579
152,Yasser Larouci,22,FRA,Sheffield Utd,Fullback,1518,67,52,59,41,37,40,21,10,36,35,93,97,60,63,7,89,46,77,50,51.578947368421055
153,Mario Lemina,30,GAB,Wolves,Midfielder,2310,14,37,38,26,2,13,2,52,87,14,23,67,20,18,90,65,82,88,60,42.0
154,Jefferson Lerma,28,COL,Crystal Palace,Midfielder,2982,73,50,56,11,54,51,24,40,43,34,20,22,61,27,20,78,29,97,89,46.26315789473684
155,Rico Lewis,18,ENG,Manchester City,Fullback,1085,78,52,47,9,69,61,71,88,99,64,51,67,58,26,12,8,23,2,1,46.63157894736842
156,Victor Lindelöf,29,SWE,Manchester Utd,Center Back,2151,20,9,11,28,42,13,48,74,98,49,47,34,10,53,35,31,36,39,40,37.73684210526316
157,Giovani Lo Celso,27,ARG,Tottenham,Midfielder,808,71,94,99,98,99,99,99,81,55,93,95,94,99,96,34,1,52,2,1,71.6842105263158
158,Sean Longstaff,25,ENG,Newcastle Utd,Midfielder,2454,32,80,65,75,68,74,36,29,42,28,29,19,91,88,31,9,39,21,39,47.10526315789474
159,Douglas Luiz,25,BRA,Aston Villa,Midfielder,3079,81,64,55,84,74,68,73,66,55,45,56,53,34,27,69,64,47,35,36,57.1578947368421
160,Saša Lukić,27,SRB,Fulham,Midfielder,1471,51,38,64,11,47,41,65,55,80,11,67,33,59,46,30,35,45,17,66,45.31578947368421
161,Alexis Mac Allister,24,ARG,Liverpool,Midfielder,2730,67,96,97,40,77,94,85,77,73,63,83,87,77,63,57,16,37,3,53,65.52631578947368
162,James Maddison,26,ENG,Tottenham,Att Mid / Winger,2367,75,77,87,94,97,94,97,73,38,94,45,74,50,23,79,59,14,10,9,62.578947368421055
163,Noni Madueke,21,ENG,Chelsea,Att Mid / Winger,794,18,37,42,2,5,7,24,64,77,81,99,99,99,98,64,67,85,87,18,56.473684210526315
164,Harry Maguire,30,ENG,Manchester Utd,Center Back,878,20,47,65,28,3,20,33,84,44,53,82,73,92,74,24,46,64,74,92,53.578947368421055
165,Orel Mangala,25,BEL,Nott'ham Forest,Midfielder,1695,43,20,17,34,4,4,1,3,34,2,18,54,13,7,27,77,47,37,31,24.894736842105264
166,Solly March,29,ENG,Brighton,Att Mid / Winger,2625,81,74,66,71,86,82,87,75,42,71,66,63,65,94,85,91,55,89,74,74.57894736842105
167,Anthony Martial,27,FRA,Manchester Utd,Forward,1245,68,68,29,85,68,67,47,88,93,84,57,78,40,92,33,18,73,20,21,59.421052631578945
168,Gabriel Martinelli,22,BRA,Arsenal,Att Mid / Winger,2949,85,82,61,74,80,83,54,48,54,35,78,65,97,94,26,23,18,35,66,60.94736842105263
169,Lisandro Martínez,25,ARG,Manchester Utd,Center Back,2754,49,15,26,67,63,29,74,84,77,83,81,89,19,23,95,58,96,48,7,57.0
170,Pape Matar Sarr,21,SEN,Tottenham,Midfielder,603,81,96,99,97,88,97,76,72,94,75,66,29,86,51,82,64,49,78,71,76.36842105263158
171,Jean-Philippe Mateta,26,FRA,Crystal Palace,Forward,690,5,37,39,98,68,46,1,15,33,8,38,6,6,28,76,77,16,96,75,40.421052631578945
172,Joël Matip,32,CMR,Liverpool,Center Back,1364,80,84,55,28,52,77,95,87,71,86,98,53,94,34,18,84,1,39,64,63.1578947368421
173,Neal Maupay,27,FRA,Brentford,Forward,1070,1,72,50,4,1,46,2,31,71,2,8,26,21,18,72,90,75,5,31,32.94736842105263
175,Bryan Mbeumo,24,CMR,Brentford,Att Mid / Winger,2803,63,90,47,78,73,84,21,25,15,34,17,29,58,51,20,42,22,76,91,49.26315789473684
176,John McGinn,28,SCO,Aston Villa,Midfielder,2529,56,73,73,59,58,62,68,8,24,45,46,93,73,65,39,14,48,20,30,50.21052631578947
177,Scott McKenna,26,SCO,Nott'ham Forest,Center Back,1357,20,12,15,28,73,33,26,9,10,11,5,36,88,17,2,9,16,96,82,30.94736842105263
178,Dwight McNeil,23,ENG,Everton,Att Mid / Winger,2243,70,16,28,24,72,39,55,41,12,11,41,57,10,11,87,97,99,98,60,48.8421052631579
179,Scott McTominay,26,SCO,Manchester Utd,Midfielder,886,91,98,80,11,35,86,33,15,48,4,77,63,79,59,74,23,71,99,98,60.21052631578947
180,Ben Mee,34,ENG,Brentford,Center Back,2822,77,80,80,63,87,85,71,27,9,27,17,78,98,79,44,30,85,33,94,61.26315789473684
181,Chris Mepham,25,WAL,Bournemouth,Center Back,1613,20,44,34,28,28,30,28,19,45,14,7,44,33,12,78,68,94,98,64,41.473684210526315
182,James Milner,37,ENG,Brighton,Fullback,1136,19,4,19,9,24,10,64,89,63,96,42,63,43,82,97,49,85,35,58,50.05263157894737
183,Tyrone Mings,30,ENG,Aston Villa,Center Back,2730,50,45,15,87,85,65,45,55,56,51,57,53,22,43,1,83,42,74,26,50.26315789473684
184,Tyrick Mitchell,24,ENG,Crystal Palace,Fullback,2954,19,27,10,42,9,6,3,38,20,27,2,39,50,30,58,59,69,75,47,33.1578947368421
185,Kaoru Mitoma,26,JPN,Brighton,Att Mid / Winger,2785,64,83,45,81,70,79,68,45,83,37,95,75,97,84,58,79,36,39,68,67.6842105263158
186,Aleksandar Mitrović,29,SRB,Fulham,Forward,1413,45,59,91,29,37,52,42,53,21,57,20,63,92,7,23,36,84,50,85,49.78947368421053
187,Gonzalo Montiel,26,ARG,Nott'ham Forest,Fullback,1976,60,44,23,72,61,50,56,37,45,43,40,38,66,62,33,81,71,72,31,51.8421052631579
188,Kieffer Moore,31,WAL,Bournemouth,Forward,961,37,68,10,4,1,42,1,69,14,44,19,2,29,25,79,25,82,99,90,38.94736842105263
189,Mason Mount,24,ENG,Manchester Utd,Att Mid / Winger,1664,37,4,24,43,33,8,43,58,52,81,13,11,18,21,41,59,59,66,64,38.68421052631579
190,Mykhailo Mudryk,22,UKR,Chelsea,Att Mid / Winger,1218,9,45,40,33,16,23,15,20,24,11,74,64,57,23,71,1,18,53,35,33.26315789473684
191,Jacob Murphy,28,ENG,Newcastle Utd,Att Mid / Winger,1218,73,64,49,65,76,69,55,24,15,66,86,27,82,85,28,53,69,16,11,53.31578947368421
192,Vitaliy Mykolenko,24,UKR,Everton,Fullback,2120,19,11,17,9,13,5,5,14,37,28,5,18,28,13,60,89,92,99,51,32.26315789473684
193,Reiss Nelson,23,ENG,Arsenal,Att Mid / Winger,544,95,87,99,99,92,92,89,78,91,14,90,83,96,93,82,11,35,97,70,78.57894736842105
194,Pedro Neto,23,POR,Wolves,Midfielder,838,14,88,87,99,99,98,95,24,12,5,99,98,99,99,1,6,1,4,1,54.1578947368421
195,Moussa Niakhate,27,SEN,Nott'ham Forest,Center Back,1038,20,35,15,28,23,13,54,1,1,1,8,3,7,59,57,81,81,46,1,28.105263157894736
196,Eddie Nketiah,24,ENG,Arsenal,Forward,1771,54,91,86,18,18,84,53,43,91,29,89,55,93,69,53,12,60,14,25,54.578947368421055
197,Matheus Nunes,25,POR,Wolves,Midfielder,2326,33,61,42,11,58,57,52,30,46,14,85,97,84,86,71,34,36,47,49,52.26315789473684
199,Darwin Núñez,24,URU,Liverpool,Forward,2098,88,98,99,83,96,99,69,48,29,51,96,67,97,96,61,56,57,37,35,71.6842105263158
200,Christian Nørgaard,29,DEN,Brentford,Midfielder,1854,14,52,47,87,85,70,38,32,17,37,2,12,87,19,88,89,84,94,57,53.21052631578947
201,Angelo Ogbonna,35,ITA,West Ham,Center Back,1412,20,10,14,28,18,6,8,2,36,1,1,3,14,32,4,49,25,88,66,22.36842105263158
202,Amadou Onana,22,BEL,Everton,Midfielder,2547,32,61,61,42,82,73,34,17,58,16,29,36,70,52,64,60,19,58,93,50.36842105263158
203,Frank Onyeka,25,NGA,Brentford,Midfielder,813,14,84,78,90,78,81,56,5,12,12,40,83,91,69,63,50,96,74,27,58.05263157894737
204,Divock Origi,28,BEL,Nott'ham Forest,Forward,1116,7,5,39,35,47,7,31,21,35,54,86,69,21,66,60,2,52,69,39,39.21052631578947
205,Dango Ouattara,21,BFA,Bournemouth,Att Mid / Winger,2169,21,74,70,44,31,59,26,3,3,7,46,69,75,44,98,94,69,99,99,54.26315789473684
206,João Palhinha,28,POR,Fulham,Midfielder,2781,53,63,66,10,1,26,2,27,55,10,2,20,42,3,99,77,72,88,90,42.421052631578945
207,Cole Palmer,21,ENG,Manchester City,Midfielder,500,14,99,99,85,62,97,96,42,76,23,99,99,99,99,2,1,18,5,1,58.73684210526316
209,Emerson Palmieri,29,ITA,West Ham,Fullback,1673,65,56,65,9,46,47,57,27,60,23,61,29,71,29,65,53,51,81,59,50.21052631578947
210,Lucas Paquetá,26,BRA,West Ham,Att Mid / Winger,2512,17,24,50,30,24,15,24,89,69,95,1,33,8,1,99,86,87,97,93,49.578947368421055
211,Thomas Partey,30,GHA,Arsenal,Midfielder,2541,69,48,50,11,28,36,64,94,92,96,62,80,47,32,75,60,16,76,75,58.473684210526315
212,Nathan Patterson,21,SCO,Everton,Fullback,1013,20,53,51,54,60,53,5,55,36,9,34,36,41,37,96,43,90,72,21,45.578947368421055
213,Andreas Pereira,27,BRA,Fulham,Att Mid / Winger,2464,31,56,44,52,39,51,55,45,10,60,8,5,13,10,2,14,10,42,35,30.63157894736842
214,Ivan Perišić,34,CRO,Tottenham,Fullback,2267,54,88,87,98,95,94,92,30,2,16,93,67,99,95,45,54,70,64,91,70.21052631578948
215,Ethan Pinnock,30,JAM,Brentford,Center Back,3150,88,93,52,28,90,95,65,11,21,8,2,25,97,82,69,57,74,99,97,60.68421052631579
216,Pedro Porro,24,ESP,Tottenham,Fullback,1737,91,92,98,89,93,95,92,49,29,46,65,74,71,79,66,57,99,53,1,70.47368421052632
217,Marcus Rashford,25,ENG,Manchester Utd,Att Mid / Winger,3448,97,99,99,39,6,92,39,8,77,25,51,71,91,59,4,10,54,42,55,53.578947368421055
218,Tim Ream,35,USA,Fulham,Center Back,2603,82,49,5,28,7,24,38,82,71,88,80,74,23,24,5,33,59,34,20,43.473684210526315
219,Harrison Reed,28,ENG,Fulham,Midfielder,2565,55,34,16,84,78,59,50,34,35,11,34,11,68,79,19,12,84,53,43,45.21052631578947
220,Sergio Reguilón,26,ESP,Manchester Utd,Fullback,483,19,78,62,9,53,61,75,17,60,41,95,68,86,92,54,25,8,2,83,52.0
221,Bobby Reid,30,JAM,Fulham,Att Mid / Winger,2160,39,32,4,2,3,5,2,39,26,21,11,10,23,37,63,76,35,93,42,29.63157894736842
222,Declan Rice,24,ENG,Arsenal,Midfielder,3167,80,39,53,11,44,39,58,81,83,81,84,68,29,25,44,95,57,77,58,58.21052631578947
223,Chris Richards,23,USA,Crystal Palace,Center Back,490,20,95,58,28,3,83,1,8,44,28,64,3,76,72,75,60,94,98,56,50.8421052631579
224,Richarlison,26,BRA,Tottenham,Att Mid / Winger,1214,32,68,50,33,15,41,11,1,20,8,21,27,88,30,41,10,52,70,94,37.473684210526315
225,Andrew Robertson,29,SCO,Liverpool,Fullback,2915,42,57,29,92,90,86,90,95,66,89,70,41,70,76,20,28,32,49,35,60.89473684210526
226,Antonee Robinson,26,USA,Fulham,Fullback,3060,20,2,2,18,13,1,24,67,31,50,89,80,31,57,36,91,70,53,75,42.63157894736842
227,Rodri,27,ESP,Manchester City,Midfielder,3674,86,85,87,66,72,79,75,99,99,93,87,68,77,32,70,51,42,62,85,74.47368421052632
228,Mads Roerslev,24,DEN,Brentford,Fullback,1159,20,39,18,9,58,42,10,1,4,2,1,20,34,26,58,29,20,94,37,27.473684210526315
229,Cristian Romero,25,ARG,Tottenham,Center Back,2871,76,68,41,63,80,77,69,73,77,69,73,63,30,65,95,81,87,44,55,67.6842105263158
230,Joe Rothwell,28,ENG,Bournemouth,Midfielder,1226,14,5,5,43,48,22,49,35,57,9,39,91,13,27,39,30,54,15,1,31.36842105263158
231,Bukayo Saka,22,ENG,Arsenal,Att Mid / Winger,3464,84,72,68,82,79,78,83,69,40,41,91,68,96,99,84,28,63,65,39,69.94736842105263
232,Mohamed Salah,31,EGY,Liverpool,Att Mid / Winger,3670,99,99,94,96,81,99,48,26,67,56,49,31,99,87,10,13,16,5,13,57.26315789473684
233,William Saliba,22,FRA,Arsenal,Center Back,2615,52,29,7,69,44,26,23,93,93,76,45,61,19,17,16,18,1,22,54,40.26315789473684
234,Albert Sambi Lokonga,23,BEL,Luton Town,Midfielder,1012,14,9,3,11,7,3,24,49,94,39,22,19,10,1,21,40,6,63,55,25.789473684210527
235,Davinson Sánchez,27,COL,Tottenham,Center Back,628,20,79,62,28,92,84,49,82,55,80,51,71,67,89,67,49,99,42,96,66.42105263157895
236,Jadon Sancho,23,ENG,Manchester Utd,Att Mid / Winger,1732,50,39,8,39,92,70,93,72,96,67,91,65,93,73,36,57,90,23,8,61.1578947368421
237,Pablo Sarabia,31,ESP,Wolves,Att Mid / Winger,1230,9,90,63,11,67,82,59,69,28,69,15,1,24,32,56,17,39,41,28,42.10526315789474
238,Kevin Schade,21,GER,Brentford,Att Mid / Winger,1244,51,58,18,10,13,33,14,1,1,5,40,32,84,47,51,38,5,86,99,36.10526315789474
239,Fabian Schär,31,SUI,Newcastle Utd,Center Back,3206,20,98,99,92,98,99,95,50,17,55,61,32,97,89,35,52,11,46,83,64.6842105263158
240,Jeffrey Schlupp,30,GHA,Crystal Palace,Midfielder,2416,71,71,42,25,45,56,25,8,9,24,36,70,69,62,65,26,60,76,70,47.89473684210526
241,Nélson Semedo,29,POR,Wolves,Fullback,2890,19,15,22,21,1,1,9,51,71,56,39,85,31,60,77,62,72,82,56,43.68421052631579
242,Antoine Semenyo,23,GHA,Bournemouth,Att Mid / Winger,480,86,37,60,2,2,5,1,1,34,5,13,32,19,6,15,40,99,89,99,33.94736842105263
243,Marcos Senesi,26,ARG,Bournemouth,Center Back,2504,84,66,19,72,60,61,55,34,18,33,40,74,26,26,75,81,76,94,2,52.421052631578945
244,Luke Shaw,28,ENG,Manchester Utd,Fullback,3082,41,36,24,64,78,63,70,92,83,81,48,40,34,22,41,73,97,52,86,59.21052631578947
245,Bernardo Silva,29,POR,Manchester City,Midfielder,2869,89,71,47,69,75,71,81,82,75,64,99,87,99,98,37,21,34,2,3,63.36842105263158
246,Thiago Silva,39,BRA,Chelsea,Center Back,2812,20,78,75,64,32,60,59,94,95,56,17,20,79,48,25,35,72,71,60,55.78947368421053
247,Luis Sinisterra,24,COL,Bournemouth,Att Mid / Winger,704,87,90,88,2,2,46,24,30,77,54,58,60,49,65,89,76,82,23,95,57.73684210526316
248,Oliver Skipp,23,ENG,Tottenham,Midfielder,1799,42,5,7,11,12,5,15,44,76,24,35,38,17,45,63,45,44,56,20,31.789473684210527
249,Dominic Solanke,26,ENG,Bournemouth,Forward,2908,20,44,43,84,51,46,36,14,50,32,84,85,73,41,21,64,57,93,37,51.31578947368421
250,Manor Solomon,24,ISR,Tottenham,Att Mid / Winger,696,97,49,56,82,26,39,20,35,97,62,57,97,32,79,98,87,74,62,37,62.421052631578945
251,Tomáš Souček,28,CZE,West Ham,Midfielder,2504,57,74,47,74,49,60,18,6,4,5,8,1,82,42,75,94,77,99,99,51.10526315789474
252,Vinicius Souza,24,BRA,Sheffield Utd,Midfielder,2258,34,20,5,27,3,6,4,11,28,7,11,23,41,9,99,91,73,92,97,35.8421052631579
253,Raheem Sterling,28,ENG,Chelsea,Att Mid / Winger,2290,69,74,43,23,48,64,44,42,54,45,79,58,90,79,22,1,24,19,30,47.78947368421053
254,Dominik Szoboszlai,22,HUN,Liverpool,Att Mid / Winger,3096,41,48,52,68,83,68,94,97,88,87,29,56,10,17,65,46,99,94,31,61.73684210526316
255,James Tarkowski,30,ENG,Everton,Center Back,3239,40,89,90,59,93,93,25,17,27,43,28,69,99,68,46,67,99,81,88,64.26315789473684
256,Nuno Tavares,23,POR,Nott'ham Forest,Fullback,2140,88,94,99,9,41,76,64,53,46,74,92,96,94,99,44,5,60,1,39,61.78947368421053
257,Marcus Tavernier,24,ENG,Bournemouth,Midfielder,1232,99,93,97,99,95,98,59,20,8,9,99,98,98,98,33,17,69,68,61,69.36842105263158
258,Kenny Tete,27,NED,Fulham,Fullback,2393,50,37,33,47,27,27,24,60,31,60,81,72,42,28,83,97,84,87,65,54.473684210526315
259,Luke Thomas,22,ENG,Sheffield Utd,Fullback,1006,19,33,23,9,26,18,14,37,60,16,2,16,2,1,55,99,94,96,52,35.36842105263158
260,Youri Tielemans,26,BEL,Aston Villa,Midfielder,1972,65,23,52,31,75,54,65,77,31,76,52,65,30,54,71,61,71,42,54,55.21052631578947
261,Jurriën Timber,22,NED,Arsenal,Center Back,578,20,29,21,28,3,12,3,95,96,98,96,86,16,89,5,24,8,6,4,38.89473684210526
262,Takehiro Tomiyasu,24,JPN,Arsenal,Fullback,1063,19,79,37,79,36,53,8,89,74,93,41,50,80,34,85,81,4,48,99,57.31578947368421
263,Sandro Tonali,23,ITA,Newcastle Utd,Midfielder,3485,59,62,48,88,91,80,70,47,14,41,76,28,58,70,51,14,29,49,15,52.10526315789474
264,Pau Torres,26,ESP,Aston Villa,Center Back,2934,45,70,21,28,49,59,81,83,56,96,99,99,47,69,42,1,24,62,30,55.8421052631579
265,Adama Traoré,27,ESP,Fulham,Att Mid / Winger,1473,20,4,5,7,67,31,11,15,8,7,89,89,36,69,19,15,4,95,99,36.31578947368421
266,Kieran Trippier,33,ENG,Newcastle Utd,Fullback,3251,19,16,14,85,99,95,99,96,26,98,26,48,19,39,49,61,59,54,83,57.10526315789474
267,Leandro Trossard,28,BEL,Arsenal,Att Mid / Winger,2014,84,61,47,99,94,83,36,63,42,79,44,26,83,66,29,63,85,8,18,58.421052631578945
268,Kostas Tsimikas,27,GRE,Liverpool,Fullback,984,19,53,53,94,82,73,71,90,34,31,60,39,86,90,11,59,35,48,47,56.578947368421055
269,Destiny Udogie,20,ITA,Tottenham,Fullback,2606,47,76,70,88,79,81,83,11,84,44,94,93,86,63,68,73,50,6,26,64.3157894736842
270,Lesley Ugochukwu,19,FRA,Chelsea,Midfielder,1680,14,36,13,35,29,27,3,36,87,21,37,60,20,16,67,83,88,51,76,42.05263157894737
271,Virgil van Dijk,32,NED,Liverpool,Center Back,3132,71,89,95,83,82,89,40,91,89,55,21,18,98,51,6,33,2,74,89,61.89473684210526
272,Raphaël Varane,30,FRA,Manchester Utd,Center Back,2046,60,81,47,28,23,68,79,51,69,63,81,73,72,34,3,2,40,64,46,51.78947368421053
273,Joël Veltman,31,NED,Brighton,Fullback,1941,61,80,58,54,6,39,17,83,89,93,39,4,27,12,85,24,36,45,56,47.78947368421053
274,Micky van de Ven,22,NED,Tottenham,Center Back,2789,47,49,53,65,84,64,42,52,81,56,91,96,33,88,36,3,48,36,10,54.421052631578945
275,Fabio Vieira,23,POR,Arsenal,Midfielder,1155,59,98,99,99,99,99,93,37,46,57,81,35,99,98,1,12,7,4,22,60.26315789473684
276,Carlos Vinícius,28,BRA,Fulham,Forward,1131,74,29,7,65,9,17,1,9,20,18,16,12,42,4,28,2,50,52,58,27.0
277,Kyle Walker,33,ENG,Manchester City,Fullback,2259,19,5,19,9,20,8,25,97,95,90,72,53,41,68,6,23,1,9,55,37.63157894736842
278,Aaron Wan-Bissaka,25,ENG,Manchester Utd,Fullback,2181,19,67,41,32,59,60,49,53,86,45,79,80,83,34,81,92,87,86,45,62.0
279,Joel Ward,33,ENG,Crystal Palace,Fullback,2248,55,68,28,9,1,16,1,31,47,66,9,6,13,8,56,46,67,94,98,37.8421052631579
280,James Ward-Prowse,28,ENG,West Ham,Midfielder,3181,94,70,61,91,87,77,86,69,38,48,13,5,37,41,22,82,25,73,63,56.94736842105263
281,Ollie Watkins,27,ENG,Aston Villa,Forward,2971,61,80,59,75,52,75,55,8,53,18,51,26,61,49,28,64,62,82,43,52.73684210526316
282,Adam Webster,28,ENG,Brighton,Center Back,1625,20,70,73,28,28,53,65,98,89,98,83,44,76,68,26,15,58,13,71,56.63157894736842
283,Danny Welbeck,32,ENG,Brighton,Forward,1644,58,83,85,45,91,86,91,66,98,78,62,50,80,63,64,80,96,87,29,73.26315789473684
284,Ben White,25,ENG,Arsenal,Fullback,3435,64,45,17,71,59,48,46,90,92,97,35,9,66,43,24,12,47,59,50,51.26315789473684
285,Neco Williams,22,WAL,Nott'ham Forest,Fullback,1364,73,40,60,9,5,11,18,3,2,1,59,77,13,10,96,96,98,64,45,41.05263157894737
286,Willian,35,BRA,Fulham,Att Mid / Winger,2201,48,21,34,43,47,32,70,57,72,78,80,43,32,29,8,47,6,54,32,43.8421052631579
287,Callum Wilson,31,ENG,Newcastle Utd,Forward,1851,95,99,88,91,59,97,44,1,36,9,35,49,84,53,30,2,24,12,26,49.1578947368421
288,Harry Wilson,26,WAL,Fulham,Att Mid / Winger,1510,19,16,12,51,3,3,12,27,73,32,4,10,19,38,52,38,77,83,21,31.05263157894737
289,Yoane Wissa,27,COD,Brentford,Forward,1741,54,49,37,45,30,42,31,24,56,39,52,81,32,53,70,84,61,42,43,48.68421052631579
290,Chris Wood,31,NZL,Nott'ham Forest,Forward,745,54,10,1,4,7,4,1,31,12,25,5,1,3,1,32,88,14,55,88,22.94736842105263
291,Joe Worrall,26,ENG,Nott'ham Forest,Center Back,2081,59,34,27,28,54,37,44,11,6,17,5,12,86,20,77,34,45,85,70,39.526315789473685
292,Ryan Yates,25,ENG,Nott'ham Forest,Midfielder,1791,14,53,34,32,8,28,1,2,10,2,24,2,48,34,71,23,70,98,73,33.0
293,Ashley Young,38,ENG,Everton,Fullback,2327,52,22,43,9,18,13,47,51,34,75,21,16,3,3,52,50,35,79,20,33.8421052631579
294,Illia Zabarnyi,21,UKR,Bournemouth,Center Back,1086,20,1,1,28,3,1,51,67,50,58,27,95,20,2,53,15,91,25,14,32.73684210526316
295,Nicolò Zaniolo,24,ITA,Aston Villa,Att Mid / Winger,913,47,82,84,2,15,56,17,1,11,7,63,5,82,40,20,44,54,4,40,35.473684210526315
296,Oleksandr Zinchenko,26,UKR,Arsenal,Fullback,2227,55,68,88,31,52,52,70,98,95,99,75,50,49,21,27,38,26,25,94,58.578947368421055
297,Kurt Zouma,28,FRA,West Ham,Center Back,1809,97,92,84,28,12,74,10,3,47,1,3,28,80,2,1,78,31,99,69,44.1578947368421
298,Martin Ødegaard,24,NOR,Arsenal,Midfielder,3384,99,98,99,86,97,99,99,54,44,91,89,80,98,97,6,1,4,3,5,65.73684210526316
299,Abner,23,BRA,Betis,Fullback,1094,20,96,55,9,1,60,5,45,24,4,5,60,75,39,35,57,94,99,63,44.526315789473685
300,Marcos Acuña,31,ARG,Sevilla,Fullback,2518,83,53,71,60,76,68,75,68,24,66,55,86,33,45,90,39,30,36,77,59.73684210526316
301,Joseph Aidoo,27,GHA,Celta Vigo,Center Back,2806,90,30,47,28,7,14,13,38,59,29,31,72,18,2,51,27,1,78,47,35.89473684210526
302,Sergio Akieme,25,ESP,Almería,Fullback,2207,86,82,67,9,37,58,17,15,59,4,38,68,51,35,2,7,22,31,19,37.21052631578947
303,Paul Akouokou,25,CIV,Betis,Midfielder,784,14,13,20,10,1,1,1,35,98,4,5,37,10,4,90,98,68,99,82,36.31578947368421
304,David Alaba,31,AUT,Real Madrid,Center Back,2466,20,26,66,90,91,64,94,70,68,52,78,57,75,99,10,16,28,2,1,53.0
305,Raúl Albiol,38,ESP,Villarreal,Center Back,1783,20,2,1,28,3,1,10,72,72,76,57,53,15,40,9,12,19,77,16,30.68421052631579
306,Rubén Alcaraz,32,ESP,Cádiz,Midfielder,2413,33,48,71,10,26,34,42,38,33,40,42,36,39,20,42,37,52,83,71,41.94736842105263
307,Omar Alderete,26,PAR,Getafe,Center Back,2121,58,26,89,75,73,41,83,8,1,75,88,97,79,68,55,44,29,48,76,58.578947368421055
308,Iván Alejo,28,ESP,Cádiz,Midfielder,1304,14,53,68,42,81,70,61,2,1,1,99,71,62,98,28,6,17,25,83,46.421052631578945
309,Carles Aleñá,25,ESP,Getafe,Midfielder,1924,40,77,84,73,57,67,53,15,11,19,37,54,59,78,1,1,12,25,43,42.421052631578945
310,Mohamed Ali Cho,19,FRA,Real Sociedad,Att Mid / Winger,486,44,71,90,2,1,15,1,15,6,1,86,82,64,77,83,15,99,1,89,44.31578947368421
311,Domingos André Ribeiro Almeida,23,POR,Valencia,Midfielder,2790,30,30,41,70,61,48,80,45,29,82,87,92,40,61,64,20,25,14,21,49.473684210526315
312,Marcos Alonso,32,ESP,Barcelona,Center Back,1652,97,96,71,28,93,99,98,95,85,95,99,76,87,99,36,33,61,13,31,73.26315789473684
313,Gastón Álvarez,23,URU,Getafe,Fullback,1550,20,11,17,9,5,1,10,3,1,7,1,27,5,4,81,17,57,62,94,22.736842105263158
314,Yeray Álvarez,28,ESP,Athletic Club,Center Back,1925,62,32,14,28,72,48,84,49,25,97,90,70,21,67,44,92,10,39,41,51.8421052631579
315,Amath,27,SEN,Mallorca,Midfielder,1396,76,92,86,10,25,71,27,1,7,1,86,62,93,93,58,6,18,8,32,44.8421052631579
316,Mauro Arambarri,27,URU,Getafe,Midfielder,618,14,17,27,74,84,58,44,13,8,9,9,37,7,19,10,72,62,94,87,39.21052631578947
317,Ronald Araújo,24,URU,Barcelona,Center Back,1551,20,90,95,97,93,94,72,73,79,52,82,94,93,91,34,1,43,2,56,66.36842105263158
318,Iago Aspas,36,ESP,Celta Vigo,Forward,2843,14,37,51,54,94,62,98,95,73,97,86,52,48,80,8,61,15,39,17,56.89473684210526
319,Ezequiel Ávila,29,ARG,Osasuna,Att Mid / Winger,1538,70,65,99,22,6,33,8,13,1,8,4,5,41,19,1,56,21,95,97,34.94736842105263
320,César Azpilicueta,34,ESP,Atlético Madrid,Fullback,1710,20,33,39,9,50,37,29,88,81,69,27,11,60,70,84,43,90,81,85,52.94736842105263
321,Iddrisu Baba,27,GHA,Almería,Midfielder,1976,14,31,24,10,13,18,3,14,53,7,1,53,14,3,38,29,27,87,89,27.789473684210527
322,Srđan Babić,27,SRB,Almería,Center Back,2548,92,35,23,28,8,18,19,12,44,7,47,40,25,38,10,26,32,58,60,32.73684210526316
323,Loïc Bade,23,FRA,Sevilla,Center Back,2325,85,42,27,28,21,21,5,31,45,32,24,59,32,19,68,68,61,83,70,43.21052631578947
324,Alex Baena,22,ESP,Villarreal,Midfielder,2149,84,89,99,88,96,97,88,31,32,63,85,69,96,93,13,2,7,14,1,60.36842105263158
325,Alejandro Balde,19,ESP,Barcelona,Fullback,2816,45,71,56,55,68,67,65,81,96,23,96,97,93,97,26,2,36,1,38,58.578947368421055
326,Iván Balliu,31,ALB,Rayo Vallecano,Fullback,3142,20,6,9,9,33,18,37,45,48,39,47,16,19,44,25,20,16,39,39,27.842105263157894
327,Jonathan Bamba,27,CIV,Celta Vigo,Att Mid / Winger,2603,15,63,48,45,59,61,27,73,86,73,52,37,73,83,36,75,67,60,55,57.26315789473684
328,Léo Baptistão,31,BRA,Almería,Att Mid / Winger,1634,69,75,65,7,3,33,15,14,14,17,14,10,32,2,74,92,40,74,93,39.10526315789474
329,Kike Barja,26,ESP,Osasuna,Att Mid / Winger,1406,8,2,5,95,69,26,23,31,13,8,74,86,44,93,35,21,6,11,69,37.8421052631579
330,Ander Barrenetxea,21,ESP,Real Sociedad,Att Mid / Winger,1191,92,95,56,11,6,65,16,55,52,14,68,94,65,65,72,62,66,64,83,57.94736842105263
331,Pablo Barrios,20,ESP,Atlético Madrid,Midfielder,1069,62,32,65,49,33,29,53,64,48,70,84,98,52,68,80,92,80,37,51,60.36842105263158
332,Marc Bartra,32,ESP,Betis,Center Back,540,20,58,72,28,3,30,20,58,41,28,68,87,93,93,95,51,97,74,78,57.578947368421055
333,Héctor Bellerín,28,ESP,Betis,Fullback,556,20,72,19,9,5,29,10,35,73,24,44,60,82,83,48,96,80,1,19,42.578947368421055
334,Jude Bellingham,20,ENG,Real Madrid,Midfielder,3041,99,99,95,85,79,98,95,62,52,90,92,99,98,93,62,52,90,37,60,80.89473684210526
335,Fran Beltrán,24,ESP,Celta Vigo,Midfielder,2895,14,19,40,38,17,14,40,60,80,38,18,32,12,24,5,88,24,56,30,34.1578947368421
336,Yuri Berchiche,33,ESP,Athletic Club,Fullback,2512,49,49,76,23,14,21,56,78,75,96,54,20,24,38,54,87,50,51,94,53.10526315789474
337,Álex Berenguer,28,ESP,Athletic Club,Att Mid / Winger,2043,3,9,37,2,41,18,55,52,6,26,33,47,53,76,96,52,85,37,91,43.10526315789474
338,Daley Blind,33,NED,Girona,Center Back,910,20,12,34,96,68,30,96,80,57,81,22,72,35,92,72,4,76,16,17,51.578947368421055
339,Lucas Boyé,27,ARG,Granada,Forward,2376,50,31,62,13,33,28,78,63,88,73,74,99,31,40,93,94,96,99,44,62.578947368421055
340,Juan Brandáriz,24,ESP,Almería,Center Back,1738,66,6,3,28,38,6,58,32,43,6,55,82,6,83,60,9,56,23,1,34.78947368421053
341,Ante Budimir,32,CRO,Osasuna,Forward,1853,60,42,49,19,1,19,2,11,16,18,42,41,73,13,92,71,23,59,91,39.05263157894737
342,Eduardo Camavinga,20,FRA,Real Madrid,Midfielder,2683,14,15,24,40,42,23,56,88,96,73,89,89,64,77,94,30,35,63,48,55.78947368421053
343,Sergio Camello,22,ESP,Rayo Vallecano,Forward,2147,27,23,68,68,31,19,51,40,83,63,54,40,14,28,41,21,7,73,19,40.526315789473685
344,João Cancelo,29,POR,Barcelona,Fullback,2315,92,78,83,97,77,77,83,97,86,86,97,99,94,96,76,74,35,17,76,80.0
345,Étienne Capoue,35,FRA,Villarreal,Midfielder,1744,81,59,62,10,25,41,45,49,83,39,86,90,52,82,6,24,3,36,64,49.31578947368421
346,Isaac Carcelen,30,ESP,Cádiz,Fullback,2579,20,10,15,23,17,7,27,6,51,30,15,34,5,15,85,22,68,96,50,31.36842105263158
347,Carmona,21,ESP,Getafe,Center Back,1242,96,75,81,28,68,74,97,17,25,13,84,99,93,99,82,50,94,1,1,61.94736842105263
348,Yannick Carrasco,30,BEL,Atlético Madrid,Fullback,2341,99,99,99,84,83,98,97,17,55,33,99,99,99,99,14,4,30,1,2,63.73684210526316
349,Dani Carvajal,31,ESP,Real Madrid,Fullback,2635,20,51,47,58,66,56,58,89,90,37,15,14,80,91,44,17,58,73,31,52.36842105263158
350,Catena,28,ESP,Osasuna,Center Back,3006,44,59,56,61,69,61,64,41,31,52,19,27,57,14,11,18,15,80,68,44.578947368421055
351,Franco Cervi,29,ARG,Celta Vigo,Midfielder,1519,14,76,45,85,88,82,77,40,7,24,86,75,91,97,99,90,85,40,45,65.57894736842105
352,Andreas Christensen,27,DEN,Barcelona,Center Back,2263,57,56,59,91,75,64,81,95,99,84,79,3,47,56,17,33,7,5,64,56.421052631578945
353,Pathé Ciss,29,SEN,Rayo Vallecano,Midfielder,1049,63,93,86,10,6,70,34,44,38,58,21,26,78,33,91,79,67,92,97,57.1578947368421
354,Santi Comesaña,26,ESP,Villarreal,Midfielder,2464,71,65,43,43,47,54,78,42,57,61,60,81,77,62,85,60,72,29,73,61.05263157894737
355,Copete,23,ESP,Mallorca,Center Back,1985,61,15,22,28,34,19,57,3,7,23,52,94,43,35,90,81,78,71,19,43.78947368421053
356,Ángel Correa,28,ARG,Atlético Madrid,Forward,1692,73,63,53,45,85,71,91,92,88,95,87,79,96,94,66,96,97,20,2,73.3157894736842
357,Thierry Correia,24,POR,Valencia,Fullback,1994,20,33,7,33,13,12,38,71,42,63,52,40,16,67,98,64,62,61,49,44.26315789473684
358,Jaume Costa,35,ESP,Mallorca,Fullback,2354,20,38,17,28,50,39,53,10,20,9,50,8,46,55,41,47,1,32,58,32.73684210526316
359,Samu Costa,22,POR,Mallorca,Midfielder,1816,67,66,45,54,23,42,44,50,28,40,14,29,35,20,84,89,74,99,96,52.578947368421055
360,Yan Couto,21,BRA,Girona,Midfielder,1164,81,45,38,92,90,75,72,30,8,14,99,96,86,98,50,5,1,68,2,55.26315789473684
361,Juan Cruz Armada,31,ESP,Osasuna,Fullback,1882,20,8,2,9,5,1,19,18,29,20,1,5,1,7,7,15,34,77,49,17.210526315789473
362,Jorge Cuenca,23,ESP,Villarreal,Center Back,873,92,60,90,28,26,44,33,72,84,70,67,30,61,52,38,23,98,99,86,60.68421052631579
363,Sergi Darder,29,ESP,Mallorca,Midfielder,3223,84,67,52,61,92,83,93,34,8,65,91,95,44,49,47,14,26,22,18,55.0
364,Rodrigo De Paul,29,ARG,Atlético Madrid,Midfielder,1993,65,67,60,99,99,92,94,91,40,96,88,37,45,76,41,7,18,6,7,59.36842105263158
365,Mouctar Diakhaby,26,GUI,Valencia,Center Back,2397,94,92,94,28,21,80,31,16,35,54,70,66,97,72,24,11,37,73,53,55.1578947368421
366,Brahim Díaz,24,ESP,Real Madrid,Att Mid / Winger,2223,59,73,23,73,76,76,68,23,88,77,63,79,29,16,58,61,9,21,27,52.578947368421055
367,Djené,31,TOG,Getafe,Center Back,2992,20,9,16,61,53,13,80,3,5,21,27,90,4,87,40,72,16,11,24,34.31578947368421
368,Domingos Duarte,28,POR,Getafe,Center Back,2537,20,51,40,71,35,33,15,1,7,23,14,30,27,2,8,43,8,73,20,27.42105263157895
369,Hugo Duro,23,ESP,Valencia,Forward,1699,7,10,12,44,28,7,1,13,65,16,6,7,31,12,65,28,72,36,52,26.94736842105263
370,Adri Embarba,31,ESP,Almería,Att Mid / Winger,1796,32,30,79,34,81,61,67,43,11,15,76,88,18,47,99,53,80,36,65,53.421052631578945
371,Youssef En-Nesyri,26,MAR,Sevilla,Forward,2713,76,70,84,11,12,52,3,1,34,1,18,9,64,3,73,51,16,57,75,37.36842105263158
372,Gonzalo Escalante,30,ARG,Cádiz,Midfielder,1552,95,94,45,84,80,92,23,10,11,19,1,24,74,21,82,70,69,93,91,56.73684210526316
373,Alfonso Espino,31,URU,Rayo Vallecano,Fullback,3056,20,54,49,66,74,65,70,21,7,25,25,57,36,39,71,85,68,89,60,51.63157894736842
374,Bernardo Espinosa,34,COL,Girona,Center Back,1089,86,92,94,92,3,77,51,86,77,35,58,43,91,57,1,14,41,95,99,62.73684210526316
375,Abdessamad Ezzalzouli,21,MAR,Barcelona,Att Mid / Winger,1626,53,37,73,7,5,9,28,27,13,12,94,97,59,64,79,24,68,32,25,42.421052631578945
377,Radamel Falcao,37,COL,Rayo Vallecano,Forward,471,1,55,73,5,1,23,1,67,76,37,10,4,84,79,43,89,40,95,79,45.36842105263158
378,Fali,30,ESP,Cádiz,Center Back,1968,20,22,37,28,35,20,27,2,7,30,56,38,51,74,37,22,59,55,9,33.10526315789474
380,Luiz Felipe,26,ITA,Betis,Center Back,2107,20,1,7,28,53,10,5,23,57,8,1,45,16,2,45,71,99,93,16,31.57894736842105
381,João Félix,23,POR,Barcelona,Att Mid / Winger,1729,98,99,99,18,16,92,62,55,61,78,68,66,75,65,70,22,1,14,61,58.94736842105263
382,Kiko Femenía,32,ESP,Villarreal,Fullback,940,20,8,9,9,2,1,14,80,94,66,74,29,16,59,35,95,41,35,59,39.26315789473684
383,Álex Fernández,30,ESP,Cádiz,Midfielder,1529,72,72,41,10,56,62,45,27,55,22,41,12,62,43,1,6,8,58,32,38.1578947368421
384,Carlos Fernández,27,ESP,Real Sociedad,Forward,963,3,30,75,5,9,18,23,24,28,50,23,85,79,71,95,25,14,39,75,40.578947368421055
385,Valery Fernández,23,ESP,Girona,Midfielder,1001,14,45,23,85,62,55,58,13,55,1,72,74,90,98,4,30,10,36,56,46.36842105263158
386,Fernando,36,BRA,Sevilla,Midfielder,2155,14,8,9,29,11,5,8,46,85,36,10,20,13,14,29,77,77,92,85,35.1578947368421
387,Dimitri Foulquier,30,FRA,Valencia,Fullback,1813,20,9,5,57,50,31,10,37,21,42,69,78,29,45,24,26,33,63,47,36.63157894736842
388,Juan Foyth,25,ARG,Villarreal,Fullback,2174,78,53,59,9,10,23,13,76,94,75,50,87,42,1,99,50,87,91,94,57.421052631578945
389,Matteo Gabbia,23,ITA,Villarreal,Center Back,1145,86,29,5,28,22,19,47,51,46,39,37,3,10,19,82,13,32,82,38,36.21052631578947
390,Javi Galán,28,ESP,Atlético Madrid,Fullback,2667,20,17,29,44,64,47,81,70,53,45,95,96,35,86,93,83,94,47,63,61.1578947368421
391,Iñigo Ruiz de Galarreta,30,ESP,Athletic Club,Midfielder,2819,14,4,9,23,33,13,24,41,39,51,30,48,4,18,29,46,14,16,54,26.842105263157894
392,Aleix García,26,ESP,Girona,Midfielder,2339,59,51,65,78,94,81,98,85,48,79,57,33,35,66,9,59,24,77,26,59.1578947368421
393,Álvaro García,30,ESP,Rayo Vallecano,Att Mid / Winger,2775,46,14,28,43,53,28,26,29,6,13,58,6,48,66,76,97,72,72,45,43.473684210526315
394,Dani García,33,ESP,Athletic Club,Midfielder,1349,14,65,20,40,11,41,11,37,29,38,5,1,9,8,93,69,82,73,74,37.89473684210526
395,David García,29,ESP,Osasuna,Center Back,2604,81,18,59,28,35,16,39,33,28,59,50,46,47,24,19,60,33,92,89,45.05263157894737
396,Eric García,22,ESP,Barcelona,Center Back,1450,20,19,30,28,49,22,72,95,95,99,95,34,6,72,41,46,46,9,9,46.68421052631579
398,Fran Garcia,24,ESP,Real Madrid,Fullback,3263,67,43,69,62,29,32,50,64,62,55,98,64,22,60,70,65,66,43,4,53.94736842105263
399,Raúl García,37,ESP,Athletic Club,Att Mid / Winger,872,49,99,99,89,7,92,14,14,2,39,1,5,94,17,45,74,84,77,99,52.63157894736842
400,Rubén García,30,ESP,Osasuna,Att Mid / Winger,1189,32,7,11,11,37,11,53,74,23,11,1,5,5,38,70,92,84,96,90,39.526315789473685
401,Gavi,19,ESP,Barcelona,Midfielder,2941,73,72,42,77,59,63,48,39,78,46,75,61,82,91,53,25,55,34,81,60.73684210526316
402,Moi Gómez,29,ESP,Osasuna,Midfielder,2211,83,36,35,48,64,51,86,79,72,92,58,64,36,57,3,3,1,1,2,45.8421052631579
403,Édgar González,26,ESP,Almería,Center Back,2080,20,69,41,28,78,77,11,32,77,24,22,13,45,21,74,40,7,98,68,44.473684210526315
404,Giovanni González,29,URU,Mallorca,Center Back,1164,20,9,21,99,99,84,82,11,12,36,78,96,74,99,66,3,2,3,10,47.578947368421055
405,Andoni Gorosabel,27,ESP,Alavés,Fullback,2165,20,25,42,9,23,15,24,55,83,61,67,27,15,40,31,41,29,13,47,35.10526315789474
406,Antoine Griezmann,32,FRA,Atlético Madrid,Forward,3368,55,57,86,99,99,94,99,99,85,99,92,82,58,65,99,99,83,62,18,80.52631578947368
407,Andrés Guardado,36,MEX,Betis,Midfielder,1590,46,13,19,36,36,17,41,72,67,52,31,11,10,15,91,80,24,83,64,42.526315789473685
408,Nemanja Gudelj,31,SRB,Sevilla,Center Back,4009,93,72,99,57,29,56,61,41,78,53,75,27,27,51,58,28,43,22,22,52.21052631578947
409,Javier Guerra,20,ESP,Valencia,Midfielder,1003,99,89,93,51,78,87,52,15,13,28,90,97,79,71,49,77,55,74,48,65.52631578947368
410,Ander Guevara,26,ESP,Alavés,Midfielder,1038,14,29,16,10,57,42,69,69,40,77,62,54,27,52,38,11,69,60,90,46.63157894736842
411,Gerard Gumbau,28,ESP,Granada,Midfielder,2744,30,55,85,91,93,81,93,46,14,46,16,16,43,44,18,32,16,65,46,48.94736842105263
412,İlkay Gündoğan,32,GER,Barcelona,Midfielder,3351,89,95,91,90,75,91,84,82,86,76,73,54,93,86,4,18,6,13,24,64.73684210526316
413,Jon Guridi,28,ESP,Alavés,Midfielder,461,14,86,92,99,67,79,76,10,26,63,62,37,94,90,3,17,67,6,85,56.473684210526315
414,Gorka Guruzeta,27,ESP,Athletic Club,Forward,1716,54,63,72,22,8,49,47,75,55,69,22,50,50,29,97,88,99,44,62,55.526315789473685
415,Miguel Gutiérrez,22,ESP,Girona,Fullback,2394,76,33,44,63,70,53,51,46,77,72,71,87,47,63,12,27,10,41,22,50.78947368421053
416,Munir El Haddadi,28,MAR,Las Palmas,Midfielder,1395,90,94,97,39,66,86,82,8,1,4,51,58,96,97,2,18,86,20,83,56.73684210526316
417,Luiz Henrique,22,BRA,Betis,Att Mid / Winger,2018,14,16,46,64,13,8,4,9,31,2,43,85,27,34,92,80,88,74,92,43.26315789473684
418,Mario Hermoso,28,ESP,Atlético Madrid,Center Back,2456,84,75,67,90,91,84,93,81,64,89,69,94,48,86,22,10,9,53,26,65.0
419,Javi Hernández,25,ESP,Cádiz,Fullback,1506,70,82,90,81,37,58,52,52,65,83,76,65,31,6,9,10,17,90,43,53.526315789473685
420,Aridane Hernández,34,ESP,Rayo Vallecano,Center Back,2243,20,7,18,73,70,24,36,16,43,14,16,60,34,2,23,50,77,79,21,35.94736842105263
421,Luis Hernández,34,ESP,Cádiz,Center Back,3059,43,35,11,28,68,50,86,14,2,37,26,8,13,60,12,18,5,64,5,30.789473684210527
422,Ander Herrera,34,ESP,Athletic Club,Midfielder,734,14,44,67,67,64,55,71,75,55,58,35,51,79,49,68,80,77,77,53,59.94736842105263
423,Yangel Herrera,25,VEN,Girona,Midfielder,1220,99,97,97,43,39,85,24,20,47,32,69,77,94,90,70,2,77,73,83,64.10526315789474
424,Pablo Ibáñez,25,ESP,Osasuna,Midfielder,1242,14,57,83,42,24,39,17,7,8,53,52,43,93,74,56,18,76,87,88,49.0
425,Iglesias,25,ESP,Getafe,Fullback,1940,20,59,77,9,12,26,34,4,1,2,19,43,27,56,82,50,80,99,36,38.73684210526316
426,Borja Iglesias,30,ESP,Betis,Forward,2224,36,50,28,51,73,57,14,41,87,22,17,31,33,47,5,34,2,43,20,36.36842105263158
427,Isco,31,ESP,Betis,Att Mid / Winger,1205,32,8,7,33,41,16,71,87,95,92,10,33,2,2,49,87,12,8,29,37.578947368421055
428,Luis Javier Suárez,25,COL,Almería,Forward,2139,19,31,66,83,44,35,34,44,61,40,82,75,26,25,84,54,76,54,42,51.31578947368421
429,Frenkie de Jong,26,NED,Barcelona,Midfielder,3020,49,32,12,65,76,59,89,98,97,97,95,84,58,60,8,46,1,45,73,60.21052631578947
430,Joan Jordán,29,ESP,Sevilla,Midfielder,1854,42,24,23,32,2,6,20,83,90,87,9,20,10,26,28,47,50,45,50,36.526315789473685
431,Willian José,31,BRA,Betis,Forward,1348,31,9,8,31,60,18,21,90,85,59,19,3,1,6,77,42,17,95,44,37.68421052631579
432,Joselu,33,ESP,Real Madrid,Forward,2785,59,64,69,41,18,55,20,61,23,64,23,20,49,23,27,67,64,86,90,48.578947368421055
433,Juanpe,32,ESP,Girona,Center Back,958,90,55,46,28,24,26,28,32,43,4,44,3,42,48,30,7,51,82,3,36.10526315789474
434,Vinicius Júnior,23,BRA,Real Madrid,Att Mid / Winger,3293,82,94,81,92,89,96,91,52,53,18,99,99,99,98,18,4,29,3,5,63.26315789473684
435,Kaiky,19,BRA,Almería,Center Back,452,99,12,35,28,3,3,1,17,40,37,53,81,11,74,1,89,97,76,1,39.89473684210526
436,Kiké,33,ESP,Alavés,Forward,1333,18,53,90,5,14,41,53,33,36,12,42,51,87,27,31,16,74,64,84,43.73684210526316
437,Koke,31,ESP,Atlético Madrid,Midfielder,2223,14,17,21,47,32,19,53,95,90,82,11,29,36,37,35,30,39,12,13,37.473684210526315
438,Ibrahima Koné,24,MLI,Almería,Forward,1579,23,1,2,25,7,2,41,28,49,20,29,44,16,60,94,68,63,68,69,37.31578947368421
439,Jules Koundé,24,FRA,Barcelona,Center Back,3032,73,63,60,84,95,88,97,95,78,99,99,92,86,97,41,11,14,14,46,70.10526315789474
440,Toni Kroos,33,GER,Real Madrid,Midfielder,2831,52,31,62,80,86,66,96,99,98,99,68,11,29,40,72,49,16,7,5,56.10526315789474
441,Takefusa Kubo,22,JPN,Real Sociedad,Att Mid / Winger,2792,82,48,80,42,74,62,62,33,32,32,82,64,75,65,49,49,68,4,45,55.1578947368421
442,Luca de la Torre,25,USA,Celta Vigo,Midfielder,1890,14,53,55,73,48,49,43,16,53,25,95,40,82,85,23,11,58,11,11,44.473684210526315
443,Érik Lamela,31,ARG,Sevilla,Att Mid / Winger,2281,77,64,54,12,4,26,52,51,62,30,32,52,80,52,91,30,95,12,82,50.421052631578945
444,Cyle Larin,28,CAN,Mallorca,Forward,1670,45,56,81,63,72,59,25,6,56,10,53,23,70,9,45,13,14,63,73,44.0
445,Juanmi Latasa,22,ESP,Getafe,Forward,842,4,1,27,5,25,3,32,84,1,78,1,15,38,26,40,84,35,99,99,36.68421052631579
446,Toni Lato,25,ESP,Mallorca,Fullback,929,20,75,57,56,48,60,25,11,41,25,23,39,73,60,84,13,48,1,9,40.421052631578945
447,Lázaro,21,BRA,Almería,Att Mid / Winger,697,99,99,94,2,6,91,11,7,64,32,36,66,75,51,3,21,99,6,83,49.73684210526316
448,Robin Le Normand,26,ESP,Real Sociedad,Center Back,3336,20,54,48,28,6,27,22,63,76,76,74,16,29,11,19,47,2,18,97,38.578947368421055
449,Florian Lejeune,32,FRA,Rayo Vallecano,Center Back,2649,91,93,99,28,44,88,66,40,14,44,22,37,62,24,15,1,9,67,48,46.94736842105263
450,Iñigo Lekue,30,ESP,Athletic Club,Fullback,1256,20,12,37,9,12,6,36,59,46,76,73,48,11,40,35,23,27,54,71,36.578947368421055
451,Thomas Lemar,27,FRA,Atlético Madrid,Midfielder,1281,56,55,60,73,61,58,72,70,58,76,92,84,79,97,56,6,8,26,12,57.8421052631579
452,Robert Lewandowski,35,POL,Barcelona,Forward,3469,85,89,94,89,80,90,54,66,69,86,64,58,88,81,31,39,49,33,38,67.52631578947368
453,Marcos Llorente,28,ESP,Atlético Madrid,Midfielder,1681,82,83,85,58,93,91,81,37,39,60,96,42,99,98,13,18,85,25,26,63.73684210526316
454,David López,33,ESP,Girona,Center Back,1862,99,97,62,78,73,95,24,82,88,49,72,72,51,56,76,13,83,50,14,64.94736842105263
455,Diego López,21,ESP,Valencia,Att Mid / Winger,834,92,98,55,19,32,95,51,17,11,48,74,43,69,53,14,62,96,65,95,57.31578947368421
456,Unai López,27,ESP,Rayo Vallecano,Midfielder,1267,56,61,89,73,73,67,86,82,34,65,57,78,67,72,76,35,27,11,19,59.36842105263158
457,Dion Lopy,21,SEN,Almería,Midfielder,1291,14,50,76,42,58,54,63,57,64,83,35,77,33,64,87,52,26,42,56,54.36842105263158
458,Anthony Lozano,30,HON,Getafe,Forward,1194,3,3,19,34,4,3,40,23,44,51,42,71,3,7,30,47,74,68,82,34.10526315789474
459,José Luis Gayà,28,ESP,Valencia,Fullback,3078,41,42,61,53,87,76,87,62,36,57,79,63,58,83,92,28,30,36,45,58.73684210526316
460,José Luis Morales,36,ESP,Villarreal,Forward,1223,67,62,68,5,16,51,21,28,64,18,93,90,79,72,21,45,88,8,2,47.26315789473684
461,Dodi Lukebakio,26,BEL,Sevilla,Att Mid / Winger,1969,54,44,59,16,39,36,41,2,23,5,66,86,45,28,8,71,38,77,75,42.78947368421053
462,Darwin Machís,30,VEN,Cádiz,Att Mid / Winger,885,14,19,88,18,76,51,28,20,11,4,66,43,52,41,31,46,14,61,40,38.05263157894737
463,Pablo Maffeo,26,ESP,Mallorca,Fullback,2975,43,62,45,67,54,55,48,4,8,3,58,74,69,46,77,24,37,49,88,47.94736842105263
464,Nemanja Maksimović,28,SRB,Getafe,Midfielder,2181,36,59,39,10,5,28,9,1,20,1,14,3,67,35,29,92,76,65,93,35.89473684210526
465,Aïssa Mandi,31,ALG,Villarreal,Center Back,1626,20,3,6,28,41,4,20,61,90,30,41,17,10,80,27,55,27,34,9,31.736842105263158
466,Óscar de Marcos,34,ESP,Athletic Club,Fullback,2582,48,12,4,89,58,37,49,83,47,94,72,18,50,68,67,45,74,40,40,52.36842105263158
467,José María Giménez,28,URU,Atlético Madrid,Center Back,2613,81,84,88,69,66,82,58,44,85,24,35,54,72,6,52,14,58,88,22,56.94736842105263
468,Roger Martí,32,ESP,Cádiz,Forward,1464,3,18,9,5,14,9,9,24,56,3,30,15,3,32,67,60,86,51,26,27.36842105263158
469,Iván Martín,24,ESP,Girona,Midfielder,2014,87,79,49,71,60,70,36,23,64,9,75,83,81,85,3,10,5,31,32,50.1578947368421
470,Arnau Martinez,20,ESP,Girona,Fullback,2787,71,47,48,77,81,70,69,51,79,43,52,59,67,18,71,38,78,44,60,59.10526315789474
471,Iñigo Martínez,32,ESP,Barcelona,Center Back,1174,84,54,55,28,21,34,53,52,24,80,69,3,53,64,36,40,41,48,35,46.0
472,Omar Mascarell,30,ESP,Mallorca,Midfielder,2264,14,7,8,27,14,8,14,41,78,36,40,58,3,1,46,80,95,94,58,38.0
473,Jaime Mata,34,ESP,Getafe,Att Mid / Winger,594,32,80,53,35,64,71,1,7,1,4,1,2,31,41,94,92,67,97,99,45.89473684210526
474,Borja Mayoral,26,ESP,Getafe,Forward,2632,40,13,9,31,25,8,13,81,75,70,80,57,19,35,19,56,42,18,30,37.94736842105263
475,Gonzalo Melero,29,ESP,Almería,Midfielder,2091,77,77,69,83,61,69,68,18,72,45,65,60,77,48,16,4,42,31,53,54.473684210526315
476,Brais Méndez,26,ESP,Real Sociedad,Midfielder,2779,94,88,98,91,95,96,92,47,17,55,61,45,84,94,50,11,35,11,55,64.15789473684211
477,Jorge Meré,26,ESP,Cádiz,Center Back,605,20,27,63,28,3,9,30,2,35,14,6,3,57,2,72,20,65,85,66,31.94736842105263
478,Mikel Merino,27,ESP,Real Sociedad,Midfielder,2723,54,81,75,92,82,82,74,61,17,67,46,66,91,85,84,23,69,81,99,69.94736842105263
479,Éder Militão,25,BRA,Real Madrid,Center Back,3094,99,86,78,28,47,77,45,74,70,50,72,78,73,82,50,60,97,51,49,66.63157894736842
480,Óscar Mingueza,24,ESP,Celta Vigo,Fullback,1815,63,78,58,9,60,64,61,76,54,70,40,64,46,30,75,38,13,30,20,49.94736842105263
481,Ignasi Miquel,30,ESP,Granada,Center Back,450,20,69,98,99,99,99,55,34,39,37,37,3,91,84,87,14,1,58,44,56.21052631578947
482,Rafa Mir,26,ESP,Sevilla,Forward,1347,72,74,91,5,12,59,9,24,34,3,21,3,59,13,47,85,11,34,73,38.36842105263158
483,Juan Miranda,23,ESP,Betis,Fullback,1995,89,91,86,71,78,89,54,49,25,65,44,31,78,73,12,64,61,98,71,64.6842105263158
484,Stefan Mitrović,33,SRB,Getafe,Center Back,1628,69,3,1,28,41,4,4,1,6,1,4,16,10,11,7,24,4,64,19,16.68421052631579
485,Luka Modrić,38,CRO,Real Madrid,Midfielder,2201,62,84,73,67,90,87,98,97,83,95,86,73,84,90,1,16,2,8,23,64.15789473684211
486,Johan Mojica,31,COL,Osasuna,Fullback,884,20,76,50,9,89,87,69,72,58,38,95,53,77,84,35,53,67,40,45,58.78947368421053
487,Nahuel Molina,25,ARG,Atlético Madrid,Fullback,3183,90,82,53,50,72,77,85,82,37,45,50,38,64,94,59,10,48,40,27,58.05263157894737
488,Jon Moncayola,25,ESP,Osasuna,Midfielder,2294,34,47,57,64,51,46,70,63,21,71,47,5,15,51,55,33,65,60,34,46.78947368421053
489,César Montes,26,MEX,Almería,Center Back,1770,97,59,85,28,3,31,32,28,14,27,63,29,96,51,10,8,51,94,98,47.578947368421055
490,Álvaro Morata,30,ESP,Atlético Madrid,Forward,1973,87,90,82,39,30,85,40,25,46,8,61,33,63,32,34,2,13,78,61,47.8421052631579
491,Alberto Moreno,31,ESP,Villarreal,Fullback,1347,20,74,82,71,64,66,49,42,83,41,76,21,77,87,28,95,14,35,49,56.526315789473685
492,Gerard Moreno,31,ESP,Villarreal,Forward,1285,66,72,55,83,91,75,88,95,80,99,53,93,31,86,63,95,40,53,29,70.89473684210526
493,Manu Morlanes,24,ESP,Mallorca,Midfielder,1154,60,31,32,10,36,29,5,4,54,9,39,60,15,22,81,23,38,58,45,34.26315789473684
494,Abdul Mumin,25,GHA,Rayo Vallecano,Center Back,913,20,45,63,28,3,19,30,7,9,13,46,86,46,22,20,20,59,40,9,30.789473684210527
495,Iker Muniain,30,ESP,Athletic Club,Att Mid / Winger,1409,1,10,19,54,50,19,98,99,83,99,23,71,12,17,53,5,21,2,21,39.8421052631579
496,Aihen Muñoz,26,ESP,Real Sociedad,Fullback,1640,20,10,20,62,36,24,42,51,33,33,56,81,5,57,37,11,41,65,66,39.473684210526315
497,Iker Muñoz,20,ESP,Osasuna,Midfielder,592,81,31,30,10,1,4,1,27,8,18,1,14,53,20,12,42,2,99,99,29.105263157894736
498,Vedat Muriqi,29,KVX,Mallorca,Forward,2952,34,14,19,40,27,12,6,71,8,56,25,12,7,17,17,81,19,99,94,34.63157894736842
499,Nacho,33,ESP,Real Madrid,Fullback,2010,60,43,37,33,13,19,34,88,99,63,10,37,42,5,27,90,4,69,93,45.578947368421055
500,Matija Nastasić,30,SRB,Mallorca,Center Back,996,90,53,29,28,3,24,14,2,22,18,33,3,23,45,5,83,44,84,1,31.789473684210527
501,Roberto Navarro,21,ESP,Cádiz,Midfielder,529,99,99,99,99,99,99,99,16,8,9,99,96,99,99,4,35,82,4,79,69.63157894736842
502,Jesús Navas,37,ESP,Sevilla,Fullback,2891,20,8,18,20,62,38,80,79,24,80,54,15,45,97,11,56,12,48,26,41.73684210526316
503,Álvaro Negredo,38,ESP,Cádiz,Forward,614,1,16,72,97,98,71,57,29,17,68,10,43,6,1,45,45,43,59,75,44.89473684210526
504,Saúl Ñíguez,28,ESP,Atlético Madrid,Midfielder,1359,92,87,85,70,61,80,44,38,40,8,44,60,93,84,95,37,98,94,99,68.89473684210526
505,Randy Ntekja,25,FRA,Rayo Vallecano,Forward,1076,1,2,18,5,30,4,39,63,55,58,65,86,32,34,99,91,99,78,63,48.526315789473685
506,Unai Núñez,26,ESP,Celta Vigo,Center Back,3150,42,46,57,28,15,25,26,59,44,77,64,77,52,38,35,95,6,66,56,47.78947368421053
507,Lucas Ocampos,29,ARG,Sevilla,Att Mid / Winger,2036,25,49,74,28,8,24,33,36,23,25,52,85,87,67,88,67,73,38,99,51.63157894736842
508,Aimar Oroz,21,ESP,Osasuna,Midfielder,2174,37,70,40,97,71,69,76,19,34,25,70,82,87,97,5,42,45,1,50,53.526315789473685
509,Mikel Oyarzabal,26,ESP,Real Sociedad,Forward,1683,4,5,1,45,76,16,30,81,64,54,71,20,10,87,72,50,84,20,24,42.8421052631579
510,Cenk Özkacar,22,TUR,Valencia,Center Back,1701,20,51,69,28,39,39,92,40,42,68,95,88,58,25,65,16,23,28,81,50.89473684210526
511,Jon Pacheco,22,ESP,Real Sociedad,Center Back,1389,20,4,9,86,18,3,30,88,85,74,94,35,6,2,13,20,13,11,74,36.05263157894737
512,Isaac Palazón Camacho,28,ESP,Rayo Vallecano,Att Mid / Winger,3006,43,30,82,33,33,27,70,70,27,63,8,42,12,19,52,62,77,94,85,48.89473684210526
513,Aitor Paredes,23,ESP,Athletic Club,Center Back,1352,20,69,82,28,64,66,16,45,79,61,37,3,61,78,1,68,38,24,37,46.1578947368421
514,Daniel Parejo,34,ESP,Villarreal,Midfielder,3152,29,19,22,63,52,34,63,92,83,80,20,59,11,21,39,22,26,34,24,41.73684210526316
515,Gabriel Paulista,32,BRA,Valencia,Center Back,1571,70,24,83,28,45,25,35,22,39,58,60,3,64,13,14,90,63,89,61,46.63157894736842
516,Alfonso Pedraza,27,ESP,Villarreal,Fullback,1480,20,63,80,91,86,77,55,35,61,3,96,57,81,85,57,68,64,37,29,60.26315789473684
517,Pedri,20,ESP,Barcelona,Midfielder,1984,97,99,59,31,92,98,90,84,67,92,96,97,94,95,36,4,51,3,2,67.73684210526316
518,Adrià Pedrosa,25,ESP,Sevilla,Fullback,557,20,40,53,9,72,59,69,12,23,17,64,29,50,78,69,82,5,11,45,42.473684210526315
519,Rubén Peña,32,ESP,Osasuna,Fullback,1397,20,32,66,9,30,29,27,21,10,66,65,88,35,57,92,90,95,51,47,48.94736842105263
520,Ayoze Pérez,30,ESP,Betis,Att Mid / Winger,2219,48,81,70,14,23,58,27,12,60,30,59,86,77,39,97,94,89,49,51,56.0
521,Carles Pérez,25,ESP,Celta Vigo,Midfielder,1964,79,75,96,86,54,62,72,4,40,6,99,96,94,99,21,2,44,4,5,54.63157894736842
522,Francisco Perez,21,ESP,Valencia,Midfielder,521,14,9,25,99,91,69,16,5,22,2,93,97,65,95,4,4,14,4,1,38.36842105263158
523,Kike Pérez,26,ESP,Rayo Vallecano,Midfielder,1928,40,65,88,52,52,57,72,41,15,61,82,76,75,74,86,27,35,51,77,59.26315789473684
524,Germán Pezzella,32,ARG,Betis,Center Back,2900,20,19,26,28,6,11,20,20,46,7,20,49,24,22,44,62,56,77,71,33.05263157894737
525,Yeremi Pino,20,ESP,Villarreal,Att Mid / Winger,2322,18,79,24,55,52,68,37,21,73,12,26,48,86,79,89,64,88,97,79,57.63157894736842
526,Portu,31,ESP,Getafe,Fullback,1721,64,83,62,76,70,79,73,4,8,4,59,27,79,81,29,43,43,2,69,50.26315789473684
528,Alejandro Pozo Pozo,24,ESP,Almería,Fullback,1672,20,27,31,60,85,67,76,65,29,30,55,51,52,58,48,65,75,62,19,51.31578947368421
529,Arnau Puigmal,22,ESP,Almería,Midfielder,645,79,85,94,10,41,69,74,5,7,1,93,80,95,97,92,84,6,25,18,55.526315789473685
530,Antonio Raillo,31,ESP,Mallorca,Center Back,2315,85,17,62,98,81,48,26,4,32,7,24,24,91,49,27,41,50,90,94,50.0
531,Ivan Rakitić,35,CRO,Sevilla,Midfielder,3304,14,51,86,87,73,61,91,78,39,85,78,12,63,78,48,51,31,33,52,58.473684210526315
532,Largie Ramazani,22,BEL,Almería,Att Mid / Winger,1253,9,76,90,31,76,77,54,1,23,8,73,86,50,26,44,99,38,77,43,51.63157894736842
533,Chris Ramos,26,ESP,Cádiz,Forward,1105,8,48,85,5,1,22,9,21,5,9,45,51,84,4,93,84,91,99,97,45.31578947368421
534,Sergio Ramos,37,ESP,Sevilla,Center Back,2800,78,71,86,65,17,49,37,96,99,88,32,42,74,59,26,47,51,37,46,57.89473684210526
535,Raphinha,26,BRA,Barcelona,Att Mid / Winger,2279,78,92,94,93,99,99,76,92,33,66,65,69,70,97,53,70,76,62,63,76.15789473684211
536,Diego Rico,30,ESP,Getafe,Fullback,2171,57,24,47,31,40,32,41,63,52,58,37,37,4,48,47,51,40,66,54,43.63157894736842
537,Luis Rioja,29,ESP,Alavés,Att Mid / Winger,521,41,5,27,90,41,14,5,15,1,11,5,20,5,47,67,13,6,74,54,28.473684210526315
538,Rodrigo Riquelme,23,ESP,Atlético Madrid,Midfielder,1898,90,86,96,86,84,86,72,5,3,24,99,99,99,99,1,6,8,2,19,56.0
539,Sergi Roberto,31,ESP,Barcelona,Fullback,1660,93,87,82,61,36,64,54,85,98,96,81,8,85,68,15,27,27,1,19,57.21052631578947
540,Lucas Robertone,26,ARG,Almería,Midfielder,2805,53,55,77,95,95,83,89,44,25,60,66,55,50,67,25,95,75,77,54,65.26315789473684
541,Marc Roca,26,ESP,Betis,Midfielder,2361,14,44,60,45,69,57,41,49,17,66,28,31,40,29,77,46,60,28,35,44.0
542,Rodri,23,ESP,Betis,Att Mid / Winger,1742,5,1,3,81,35,6,40,86,97,94,57,76,27,28,45,81,22,14,7,42.36842105263158
543,Óscar Rodríguez Arnaiz,25,ESP,Getafe,Midfielder,1445,52,92,96,10,70,85,69,59,30,75,69,27,49,46,36,67,14,30,33,53.10526315789474
544,Dani Rodríguez,35,ESP,Mallorca,Midfielder,2180,74,74,68,94,78,75,45,5,21,8,67,83,71,64,41,38,82,13,26,54.05263157894737
545,Guido Rodríguez,29,ARG,Betis,Midfielder,3042,48,27,30,10,4,11,5,57,73,23,4,46,27,11,98,76,89,96,78,42.78947368421053
546,Rodrygo,22,BRA,Real Madrid,Forward,3322,25,75,89,86,92,80,96,96,99,87,99,98,96,98,47,90,80,13,6,76.42105263157895
547,Oriol Romeu,32,ESP,Barcelona,Midfielder,3115,29,34,34,21,16,22,26,64,88,37,13,35,34,5,48,60,68,85,70,41.526315789473685
548,Antonio Rüdiger,30,GER,Real Madrid,Center Back,3140,42,52,77,28,31,35,44,68,92,19,74,26,62,59,7,9,20,20,31,41.89473684210526
549,Aitor Ruibal,27,ESP,Betis,Fullback,1715,81,83,82,37,72,81,73,50,60,61,68,95,80,65,92,74,47,45,40,67.6842105263158
550,Youssouf Sabaly,30,SEN,Betis,Fullback,2015,60,40,51,71,32,31,29,45,73,50,63,85,39,33,70,69,93,82,5,53.73684210526316
551,Kike Salas,21,ESP,Sevilla,Center Back,468,99,41,96,99,99,95,53,85,22,98,92,51,93,73,84,80,19,59,96,75.47368421052632
552,Samuel,23,BRA,Atlético Madrid,Att Mid / Winger,2491,44,67,83,3,3,21,14,54,47,27,85,48,74,64,97,79,75,71,68,53.89473684210526
553,Fede San Emeterio,26,ESP,Cádiz,Midfielder,1737,43,6,5,33,15,8,2,7,30,2,1,1,10,4,58,33,92,75,71,26.105263157894736
554,Oihan Sancet,23,ESP,Athletic Club,Att Mid / Winger,2452,70,67,61,11,39,58,57,39,84,90,56,50,32,24,27,9,1,25,83,46.473684210526315
555,Antonio Sánchez,26,ESP,Mallorca,Midfielder,864,14,19,27,10,49,31,19,27,2,14,79,50,53,92,34,90,93,70,34,42.473684210526315
556,Manu Sánchez,23,ESP,Celta Vigo,Fullback,2307,20,39,31,65,62,50,80,32,69,67,43,47,74,51,60,31,56,70,25,51.1578947368421
557,Stefan Savić,32,MNE,Atlético Madrid,Center Back,2453,20,4,3,28,9,2,40,56,64,63,65,64,7,47,53,88,22,16,64,37.63157894736842
558,Sávio,19,BRA,Girona,Midfielder,486,99,96,89,99,99,99,91,6,22,2,99,99,99,99,5,5,20,5,14,60.36842105263158
559,Rubén Sobrino,31,ESP,Cádiz,Midfielder,2439,71,88,67,43,48,76,28,1,7,1,65,74,88,69,61,35,51,32,92,52.473684210526315
560,Alex Sola,24,ESP,Alavés,Fullback,551,20,57,95,9,28,45,70,13,36,1,81,99,74,78,99,96,46,23,88,55.68421052631579
562,Boubakary Soumaré,24,FRA,Sevilla,Midfielder,1442,14,1,1,10,6,1,10,48,67,23,33,47,1,22,91,99,22,82,59,33.526315789473685
563,Djibril Sow,26,SUI,Sevilla,Midfielder,2809,66,43,57,10,24,30,29,63,69,77,55,15,41,32,27,64,17,17,41,40.89473684210526
564,Çağlar Söyüncü,27,TUR,Atlético Madrid,Center Back,576,97,72,86,28,38,59,34,37,12,28,78,74,84,2,86,58,71,93,97,59.68421052631579
565,Carl Starfelt,28,SWE,Celta Vigo,Center Back,540,20,76,50,28,3,49,4,5,82,1,1,3,53,2,6,7,94,97,44,32.89473684210526
566,Jørgen Strand Larsen,23,NOR,Celta Vigo,Forward,1919,35,15,31,61,23,13,26,19,56,6,31,61,25,5,66,69,47,55,51,36.578947368421055
567,Cristhian Stuani,36,URU,Girona,Forward,1209,54,87,56,34,52,82,2,6,64,1,4,1,56,1,91,66,65,34,60,42.94736842105263
568,Damián Suárez,35,URU,Getafe,Fullback,2199,56,57,16,50,42,46,60,18,6,38,7,30,14,26,62,30,95,34,23,37.36842105263158
569,Denis Suárez,29,ESP,Villarreal,Midfielder,1107,14,32,11,10,65,51,82,38,13,40,87,97,62,75,57,6,44,20,11,42.89473684210526
570,Suso,29,ESP,Sevilla,Att Mid / Winger,1834,31,9,64,76,63,32,91,83,64,99,30,67,6,56,73,18,11,11,58,49.578947368421055
571,Alexander Sørloth,27,NOR,Villarreal,Forward,2936,69,74,34,52,67,69,45,23,63,12,65,76,23,38,50,25,37,69,58,49.94736842105263
572,Renato Tapia,28,PER,Celta Vigo,Midfielder,1070,14,61,69,10,33,44,20,47,52,26,36,52,30,5,98,63,80,99,83,48.526315789473685
573,Aurélien Tchouaméni,23,FRA,Real Madrid,Midfielder,2419,14,55,88,43,20,38,57,95,99,78,74,68,54,27,81,97,7,90,90,61.8421052631579
574,Ramón Terrats,22,ESP,Villarreal,Midfielder,1200,57,64,81,45,65,64,37,40,58,46,81,94,72,80,43,27,57,15,33,55.73684210526316
575,Kieran Tierney,26,SCO,Real Sociedad,Fullback,1139,78,64,80,76,23,35,13,72,58,69,76,20,75,44,45,49,7,43,49,51.36842105263158
576,Raúl de Tomás,28,ESP,Rayo Vallecano,Forward,960,34,55,97,41,39,48,59,26,64,69,66,93,51,46,43,2,14,33,32,48.0
577,Ferrán Torres,23,ESP,Barcelona,Att Mid / Winger,1601,97,88,72,21,87,91,60,58,52,42,34,62,82,92,30,12,15,34,71,57.89473684210526
578,Óliver Torres,28,ESP,Sevilla,Att Mid / Winger,2658,1,3,1,9,16,3,45,79,62,91,11,7,12,45,72,22,81,35,39,33.36842105263158
579,Lucas Torró,29,ESP,Osasuna,Midfielder,2227,35,35,47,10,1,9,1,35,33,13,9,23,45,8,23,96,21,99,99,33.78947368421053
580,Hamari Traoré,31,MLI,Real Sociedad,Fullback,2485,49,69,77,73,56,58,68,76,84,79,24,39,78,66,38,72,31,53,62,60.63157894736842
581,Óscar Trejo,35,ARG,Rayo Vallecano,Att Mid / Winger,1872,3,1,3,31,27,1,80,71,81,86,21,79,30,12,93,33,65,59,43,43.10526315789474
582,Viktor Tsyhankov,25,UKR,Girona,Midfielder,2298,91,90,65,96,79,86,78,17,5,7,96,67,96,98,3,2,17,33,45,56.36842105263158
583,Óscar Valentín,29,ESP,Rayo Vallecano,Midfielder,2650,14,18,14,10,15,14,20,30,41,42,25,14,24,9,85,73,97,44,61,34.21052631578947
584,Martin Valjent,27,SVK,Mallorca,Center Back,2656,20,6,11,28,25,3,1,5,15,10,41,3,3,23,22,16,59,91,13,20.789473684210527
585,Federico Valverde,25,URU,Real Madrid,Midfielder,3236,84,85,98,72,93,93,85,76,81,69,93,73,78,88,15,53,54,41,57,73.05263157894737
586,Siebe Van Der Heyden,25,BEL,Mallorca,Center Back,764,20,35,14,28,32,26,58,32,39,13,62,3,4,30,91,80,1,58,65,36.36842105263158
587,José Luis García Vayá,25,ESP,Valencia,Midfielder,540,14,8,15,10,39,18,44,71,28,47,20,33,3,52,69,34,27,98,89,37.8421052631579
588,Lucas Vázquez,32,ESP,Real Madrid,Fullback,1198,99,92,69,75,93,96,97,95,96,65,84,87,99,99,87,3,9,5,1,71.10526315789474
589,Gabriel Veiga,21,ESP,Celta Vigo,Midfielder,2155,99,97,98,68,59,89,73,2,10,29,88,89,89,75,29,40,54,1,42,59.526315789473685
590,Mikel Vesga,30,ESP,Athletic Club,Midfielder,2696,31,40,36,55,34,33,15,52,48,76,23,13,51,24,34,65,56,68,92,44.526315789473685
591,Nacho Vidal,28,ESP,Osasuna,Fullback,926,80,75,77,9,2,23,11,13,44,35,23,71,37,28,37,69,41,90,94,45.21052631578947
592,Gonzalo Villar,25,ESP,Granada,Midfielder,972,14,2,8,86,65,34,19,55,44,45,79,87,30,31,41,26,89,60,76,46.89473684210526
593,Daniel Vivian,24,ESP,Athletic Club,Center Back,2466,54,53,46,28,61,52,45,47,22,77,55,47,56,27,82,19,55,47,10,46.473684210526315
594,Iñaki Williams,29,GHA,Athletic Club,Att Mid / Winger,2899,76,82,70,38,43,65,21,13,11,6,74,40,88,89,7,14,31,91,85,49.68421052631579
595,Nico Williams,21,ESP,Athletic Club,Att Mid / Winger,2528,30,19,41,51,58,35,31,22,15,14,94,91,71,90,32,15,73,55,70,47.73684210526316
596,Axel Witsel,34,BEL,Atlético Madrid,Center Back,2344,20,16,39,28,74,38,76,57,96,56,18,51,66,77,64,20,23,15,39,45.94736842105263
597,Igor Zubeldia,26,ESP,Real Sociedad,Center Back,2959,44,32,17,62,38,28,9,59,51,82,43,68,9,47,30,7,7,26,56,37.63157894736842
598,Martín Zubimendi,24,ESP,Real Sociedad,Midfielder,3371,44,50,14,34,18,32,27,61,71,52,51,15,33,23,19,62,55,84,84,43.63157894736842
